name,website,founded,funding_stage,total_funding_usd_m,area,one_line,problem,workaround,business_model,buyer,buyer_urgency,buyer_wtp,sales_cycle,regulatory_burden,tam_usd_m,tam_logic,entry_wedge,starting_substrate,data_centrality,data_ownership,moat,primary_value_chain_layer,input,transformation_type,output,method,validated_by,competes_with,complements,downstream_of,upstream_of,gaps,barrier_to_entry,barrier_to_entry_logic,hardness,hardness_reason,notes
Owkin,owkin.com,2016,series-c,350,multimodal patient stratification,"Multimodal patient stratification using EHR data, computer vision on histopathology, and federated learning across hospital networks.",Patient populations in trials are biologically heterogeneous; existing criteria do not identify who will respond.,"Single-biomarker stratification, expert oncologist selection, broad eligibility criteria, retrospective subgroup analysis.",partnerships,pharma | biotech,high,high,long,heavy,50000,"Not explicitly stated on their site. Positioned in the AI drug discovery and precision oncology markets. The Sanofi $180M deal (2021) and subsequent multi-year K Pro license agreements with AstraZeneca (May 2026) and Sanofi (June 2026) imply pharma is willing to pay large sums for access to their data network and AI tools. The $50B TAM reflects addressable R&D services spend across oncology and I&I. (Source: Wikipedia, owkin.com/news)","Owkin entered via federated learning infrastructure for hospitals — building trust with academic medical centers by enabling multi-site AI model training without centralizing data. This gave them access to hard-to-obtain multimodal oncology cohorts (histopathology + omics + clinical outcomes). The founding wedge was the MELLODDY project (10 pharma companies training on distributed data). From this data network they pivoted to building pharma-facing AI tools, culminating in the K Pro AI Scientist agent launched May 2025.","Owkin entered via federated learning infrastructure for hospitals — building trust with academic medical centers by enabling multi-site AI model training without centralizing data. This gave them access to hard-to-obtain multimodal oncology cohorts (histopathology + omics + clinical outcomes). The founding wedge was the MELLODDY project (10 pharma companies training on distributed data). From this data network they pivoted to building pharma-facing AI tools, culminating in the K Pro AI Scientist agent launched May 2025.",core-moat,partner-supplied | licensed,data | model | clinical-evidence | IP | distribution,,H&E histopathology slides | bulk RNA sequencing | single-cell sequencing | spatial transcriptomics | whole exome sequencing | EHR clinical data | scientific literature (26.5M+ articles),predict,biomarker discovery insights | patient subgroup characterizations | drug target assessments | clinical trial enrichment strategies | companion diagnostic models,Federated learning across hospital networks; computer vision on histopathology slides; EHR data fusion.,"$180M investment from Sanofi (2021, unicorn valuation). Multi-year K Pro collaboration with AstraZeneca (May 2026). Multi-year K Pro collaboration with Sanofi (June 2026). 104 academic data partners including 50% of the world's top 20 medical institutions. CE-marked diagnostics (RlapsRisk BC, MSIntuit CRC) spun out into Waiv ($33M, March 2026). Publications in Nature Medicine and Nature Communications. Partner list includes Amgen, AstraZeneca, BMS, MSD, Servier.","Tempus (multimodal oncology data platform, RWE), Foundation Medicine (genomic profiling), PathAI (pathology AI), Paige (digital pathology AI), Recursion (data-driven drug discovery), Insitro. On the AI Scientist angle: Microsoft Azure AI, Alphabet DeepMind for biology.","Hospital EHR systems (Epic, Cerner) as data sources. Sequencing providers (Illumina, 10x Genomics) upstream of their spatial transcriptomics inputs. CROs running the clinical trials their insights inform. Anthropic (Claude powers their Pathology Explorer agent, Jan 2026).","EHR data, histopathology imaging","Trial enrollment, patient stratification, biomarker discovery","Stratifies on static site-level data; does not use longitudinal wearable/biomarker time-series for latent-state inference during trials. K Pro pivot toward autonomous AI Scientist is an expansion beyond original patient stratification wedge — commercial traction at the new layer is unproven. Federated learning is a data access strategy, not an algorithmic moat; the models still need to be better than alternatives.",very-high,Federated hospital network required regulatory trust-building and data governance agreements across multiple countries over years; Sanofi's $180M investment creates a pharma distribution moat.,very-hard,Maintaining consistent data quality and clinical partnerships across a federated network while building commercially viable pharma products on top.,"Spun out Waiv (formerly Owkin Dx) in March 2026 to house their CE-marked diagnostic products, separating the diagnostics business from the pharma AI platform. Also incubated Bioptimus for biological foundation models."
Aitia,aitia.com,2000,series-d-plus,65.3,digital twins,Builds causal disease digital twins from multi-omic patient data to infer hidden disease circuitry and identify targets or responder groups.,Most omics analysis is correlative and does not reveal causal disease mechanisms or actionable patient subgroups.,"Bioinformatics pipelines, GWAS, pathway analysis, expert biology review, retrospective biomarker analysis.",partnerships,pharma | biotech,medium,high,long,medium,119030,"Pharma R&D target identification and clinical development productivity is an estimated $119B+ market. Aitia argues that causal inference from human data can raise the probability of success at target selection and Phase 2, saving pharma from the ~90% clinical failure rate (aitia.com, About Us).","Founded in 2000 (originally as Gene Logic's computational platform, later as an independent entity). Entry into pharma partnerships came via Gemini Digital Twins — causal graphical models built from patient multi-omics that predicted clinical outcomes and target effects before trials. Neurology was the initial focus area for published validation work.","Founded in 2000 (originally as Gene Logic's computational platform, later as an independent entity). Entry into pharma partnerships came via Gemini Digital Twins — causal graphical models built from patient multi-omics that predicted clinical outcomes and target effects before trials. Neurology was the initial focus area for published validation work.",core-moat,partner-supplied | licensed | proprietary,model | IP | data | founder-brand,,"multi-omic patient data (transcriptomics, proteomics, genomics, single-cell) | clinical phenotype metadata | human disease cohort data",predict,Gemini Digital Twins (causal disease models) | validated drug targets | responder patient subgroup predictions | causal disease circuitry maps,Causal AI on multi-omic patient data to infer hidden disease circuitry (Gemini Digital Twins).,"Partnership with Gustave Roussy cancer center (Jun 2025) to identify fundamental biological causes of multiple cancers using Gemini Digital Twins. Colin Hill (CEO/founder) elected to Critical Path Institute Board of Directors, signalling regulatory community recognition. Prior published neurology validation work (publicly available publications on aitia.com).","Recursion Pharmaceuticals (phenotypic + causal ML), Owkin (federated multimodal biology), BioSymetrics, Aria Pharmaceuticals. Internally at pharma: AZ's Functional Genomics Centre, Genentech's computational biology groups.","Multi-omics data generators (10x Genomics, Illumina, Olink proteomics). Clinical biobank operators (UK Biobank, All of Us). Trial design and endpoint enrichment platforms. CROs with omics profiling capability.","Multi-omic data generation, clinical biobanks, patient cohort collection","Target selection, responder stratification, trial design, IND-enabling work",Does not generate wet-lab experimental data internally — depends on partner data. Does not run clinical trials or validate targets in vivo. Limited public press releases suggest low deal velocity relative to competitors. No disclosed product revenue or FDA/EMA regulatory qualification of their output.,high,20+ years of causal AI methodology (GNS Healthcare lineage) and pharma relationship-building creates a knowledge and credibility moat that cannot be replicated quickly.,moonshot,"Inferring causal (not correlative) disease circuitry from noisy, high-dimensional multi-omic data without confounding by population structure or data artefacts.","Closest intellectual cousin to EF clinical inference thesis — same inference-over-observation framing, different data modality (omics vs. longitudinal biomarkers/wearables). CEO Colin Hill is a long-tenured computational biology founder (20+ years). Website note: entry file lists website as aitia.ai but the correct company URL is aitia.com. aitia.ai is an unrelated Hungarian telecom company."
Biostate AI,biostate.ai,2023,series-a,20,rna state ai,"Uses RNA-seq and AI to predict disease progression, molecular state, and drug response.",Transcriptomic state is rich but difficult to translate into clinical or therapeutic decisions.,"Standard biomarkers, clinical scoring, bulk RNA analysis, specialist bioinformatics, retrospective cohort analysis.",hybrid,pharma | biotech | provider,medium,medium,medium,medium,4530,"$8.0B+ precision medicine TAM cited by the company, anchored to 2.8M+ MS patients globally, a median 4-7 year diagnostic delay, and $70-90K annual disease-modifying therapy cost per patient (biostate.ai).","MS diagnostics from a single blood draw. The first product is a blood transcriptomic panel delivering three clinical outputs from one sample: MS vs. NMO differential (91.3% AUC), MS subtype classification (RRMS to SPMS, 78.8% AUC), and early MS screening (74.2% AUC). The wedge is a specific, high-value clinical decision with a measurable 4-7 year diagnosis gap and $70-90K annual treatment cost per patient.","MS diagnostics from a single blood draw. The first product is a blood transcriptomic panel delivering three clinical outputs from one sample: MS vs. NMO differential (91.3% AUC), MS subtype classification (RRMS to SPMS, 78.8% AUC), and early MS screening (74.2% AUC). The wedge is a specific, high-value clinical decision with a measurable 4-7 year diagnosis gap and $70-90K annual treatment cost per patient.",core-moat,proprietary | generated-in-house,data | wet-lab | IP | model,,whole blood RNA samples | blood transcriptomic profiles | exome sequencing data,predict,disease differential diagnosis (MS vs. NMO) | disease subtype classification | early disease screening scores | drug response predictions,"Proprietary low-input RNA sequencing (BIRT + PERD, claiming 10x cheaper and 10x less sample than standard RNAseq) combined with the N-Act AI platform to map transcriptomic state to clinical phenotype and drug response.","Peer-reviewed MS diagnostic study described as ""the largest blood transcriptomic study of MS and NMO to date""; AUC performance metrics published (91.3% for MS vs. NMO differential). DNA sequencing platform (MARE) claims >98% exome coverage detecting 5,000+ inherited diseases.","Tempus (multimodal molecular profiling for clinical decisions), Foundation Medicine (genomic profiling for oncology, different disease area), academic bioinformatics CROs, and standard clinical lab panels for MS diagnosis.","RNA sequencing instrument providers (Illumina, Oxford Nanopore), EHR systems that consume diagnostic outputs, pharma trial teams needing patient stratification, and clinical labs that could license the panel.",RNA sequencing instruments and blood sample collection infrastructure,"Clinical decision support, patient stratification, drug response prediction, pharma trial enrollment",Clinical utility — when does RNA prediction actually change a treatment or trial decision?,high,"Proprietary lower-cost sequencing stack (BIRT + PERD) and growing transcriptomic dataset create an early data moat, but the platform is early-stage and replication is plausible with capital.",hard,Proving RNA-derived predictions change clinical decisions better than existing cheaper biomarkers at the point of care.,"Operates a global subsidiary network: K-Dense (autonomous AI research, Palo Alto), Biosheng (Shanghai), Bayosthiti AI (Bengaluru), Biostate.AI MENA (Riyadh). This multi-geography structure is unusual for a Series A company and may reflect a strategy of building proprietary population-scale datasets across distinct cohorts rather than scaling a single product."
BioAge Labs,bioagelabs.com,2015,public,500,clinical-stage biotechnology,Uses longitudinal human aging cohorts and ML to identify targets for age-related diseases and develop therapeutics.,Static biology snapshots miss the dynamic drivers of aging-linked disease progression.,"Epidemiology, genetic association studies, animal aging models, biomarker discovery, conventional drug development.",hybrid,pharma | biotech | investor,medium,high,long,heavy,34574,"BioAge targets metabolic diseases driven by aging — they state approximately 2 billion people have cardiometabolic disease and 988 million live with obesity globally. Their lead programs address cardiovascular risk (BGE-102, NLRP3 inhibitor) and obesity (APJ agonist). The $34.5B TAM figure in frontmatter reflects the clinical-stage cardiometabolic drug market. (Source: bioagelabs.com/platform)",BioAge built a proprietary longitudinal cohort platform before developing any drug. The founding substrate was multi-decade human aging datasets — serial multi-omics and functional assessments on healthy individuals tracked over time — combined with in-house ML to mine aging biology. This data asset came first; therapeutics followed from it. The NLRP3 program (BGE-102) is the first drug to emerge from that pipeline and entered Phase 1 clinical trials.,BioAge built a proprietary longitudinal cohort platform before developing any drug. The founding substrate was multi-decade human aging datasets — serial multi-omics and functional assessments on healthy individuals tracked over time — combined with in-house ML to mine aging biology. This data asset came first; therapeutics followed from it. The NLRP3 program (BGE-102) is the first drug to emerge from that pipeline and entered Phase 1 clinical trials.,core-moat,proprietary | generated-in-house,data | wet-lab | IP | clinical-evidence,,longitudinal multi-omics from human aging cohorts | serial functional assessments | naturally aged mouse model data,predict,aging-linked drug targets | small molecule drug candidates | clinical-stage therapeutics,"ML analysis of longitudinal multi-omics from proprietary human aging cohorts to identify molecular drivers of cardiometabolic disease, followed by in-house medicinal chemistry to develop small molecule therapeutics against those targets.","IPO Sept 2024 ($198M raised). Additional $115M raised January 2026. BGE-102 (NLRP3 inhibitor) in Phase 1 with full data expected H1 2026. Three peer-reviewed preprints on NLRP3 inhibitor chemistry (BioRxiv 2024-2025, Bioorganic & Medicinal Chemistry Letters 2024).","Other aging-biology biotechs pursuing cardiometabolic indications: Calico (Google), Unity Biotechnology (senolytic), Alkahest (plasma-derived). Indirectly competes with GLP-1 incumbents (Novo Nordisk, Eli Lilly) in obesity, where their APJ agonist is positioned as an add-on to incretin therapy rather than a replacement.","GLP-1 manufacturers (Novo Nordisk, Lilly): APJ agonist is explicitly framed as a combination therapy on an ""incretin background."" Contract research organizations running Phase 1/2 metabolic disease trials. Aging research consortia supplying longitudinal cohort data.","Longitudinal cohort data, aging biology research","Clinical trials, drug development programs",Longitudinal cohort methodology is an interesting precedent; proving that intervening on aging pathways improves disease outcomes is still the hard problem. Platform generates targets but reproducibility of aging biomarker insights across diverse populations is unproven at scale. No marketed product yet; commercial execution risk is high.,high,Decades-long longitudinal aging cohorts with serial multi-omics were assembled before the company existed and cannot be quickly replicated — the data asset is the barrier.,very-hard,"Proving that intervening on aging-linked molecular targets improves hard clinical endpoints in large, diverse populations without multi-decade follow-up trials.",
Odyssey Therapeutics,odysseytx.com,2021,public,726.5,precision immunology,Develops clinical-stage medicines for autoimmune and inflammatory diseases using precision immunology.,"Autoimmune and inflammatory diseases still have incomplete response rates, toxicity, and poor patient stratification.","Incumbent immunology drugs, broad pathway inhibition, biologics, steroids, trial-and-error prescribing.",own-pipeline,pharma | biotech | investor,high,high,long,heavy,168600,"Autoimmune and inflammatory disease market estimated at $168.6B. Odyssey argues that upstream innate targeting can address multiple large patient populations across diseases (IBD, lupus, atopic dermatitis, asthma, COPD, HS) simultaneously, because the innate cascade is shared across indications (odysseytx.com, pipeline page).","Founded in 2021 with a focus on upstream innate immune signaling nodes. First program: RIPK2 inhibitor (OD-001) for ulcerative colitis and Crohn's disease, developed entirely internally. IPO on NASDAQ (ticker: ODTX) in May 2026 at $18/share raised ~$304M.","Founded in 2021 with a focus on upstream innate immune signaling nodes. First program: RIPK2 inhibitor (OD-001) for ulcerative colitis and Crohn's disease, developed entirely internally. IPO on NASDAQ (ticker: ODTX) in May 2026 at $18/share raised ~$304M.",supporting-evidence,generated-in-house | proprietary,IP | wet-lab | clinical-evidence | founder-brand,,small molecule structural data | protein biochemistry data | immunobiology mechanistic data | clinical biomarker profiles,predict,small molecule drug candidates | protein therapeutic candidates | clinical-stage immunology programs,Medicinal and computational chemistry combined with structural biology and pharmacology to identify small molecules and protein therapeutics that block upstream innate immune activation nodes — targeting the signal before pathologic inflammation initiates rather than suppressing downstream cytokines after the fact.,"IPO in May 2026 on NASDAQ Capital Market (ODTX, $18/share). RIPK2 program (OD-001) advancing through clinical milestones as of Q1 2026 financial update. Six programs across target discovery through Phase 2-ready stages.","AbbVie (Skyrizi, Rinvoq), Pfizer (Cibinqo), Sanofi/Regeneron (Dupixent), Eli Lilly (lebrikizumab), AstraZeneca in IBD/lupus/AD. Clinical-stage precision immunology biotechs: Protagonist Therapeutics, Acelyrin, Alumis, Tyra Biosciences.","CROs for trial execution. Biomarker companies for patient stratification (Tempus, Foundation Medicine). Latent-state modeling tools that could predict responder subgroups during Phase 2.","Target identification research, structural biology, computational chemistry platforms, genomics (GWAS, human genetics)","Clinical trial infrastructure, regulatory approval, commercialization, payers and prescribers","Less obviously frontier-AI than Isomorphic/Chai/Latent; success depends on disease biology, trial design, biomarkers, dosing, and patient population execution. A clinical-stage biotech like Odyssey is exactly the kind of company that would benefit from latent-state inference tools during trials.",very-high,"Clinical-stage programs require years of biology, IP, regulatory filings, and capital that cannot be compressed regardless of AI tools.",very-hard,Upstream innate immune targeting must prove efficacy and safety without the 20-year track record of downstream cytokine suppression that incumbents have.,"Six pipeline programs across two modalities (small molecules and protein therapeutics). Focus on upstream innate immune responses differentiates from most current standard-of-care biologics, which suppress downstream cytokines. Founder/CEO Gary D. Glick, PhD leads experienced drug hunter team."
Midjourney Medical,midjourney.com/medical,2026,bootstrapped,0,preventive health scanning,Develops a 60-second full-body ultrasonic CT scanner and spa-like consumer imaging experience.,"Full-body imaging is expensive, slow, inconvenient, and inaccessible for routine preventive self-knowledge.","MRI, CT, DEXA, conventional ultrasound, concierge screening clinics, executive health checks.",services,consumer | provider,medium,medium,medium,heavy,29580,Not found. No public market sizing statement from the company was verifiable. The $29.58B TAM in the entry likely refers to the global preventive health screening market (analyst estimates).,"Not found. Midjourney Medical appears to be an extremely early-stage or announced-but-not-yet-launched entity as of June 2026. The parent company (Midjourney, the AI image generation company) announced a medical imaging initiative, but no public product launch, clinical deployment, or independent website was verifiable. The 60-second ultrasonic CT technology referenced in the entry appears to be aspirational hardware under development.","Not found. Midjourney Medical appears to be an extremely early-stage or announced-but-not-yet-launched entity as of June 2026. The parent company (Midjourney, the AI image generation company) announced a medical imaging initiative, but no public product launch, clinical deployment, or independent website was verifiable. The 60-second ultrasonic CT technology referenced in the entry appears to be aspirational hardware under development.",supporting-evidence,customer-generated | generated-in-house,founder-brand | IP,,full-body ultrasonic CT scan data | consumer self-reported health history,measure,full-body anatomical imaging report | early disease signal flags | physician-reviewed health summary,Not found. The stated method is ultrasonic CT — an ultrasound-based approach to full-body imaging that avoids ionizing radiation from conventional CT. No technical papers or clinical validation data were publicly available at time of research.,"Not found. No clinical validation, regulatory clearance, or commercial deployment verified.","Neko Health (preventive full-body scanning, different modality)","Concierge health platforms, wearable companies (Apple Health, Garmin), GP referral networks.",Consumer demand for preventive health data,"Clinical follow-up, GP referral, specialist care",No verified product exists yet. Hardware development for novel imaging modalities (ultrasonic CT) requires extensive FDA clearance (510k or De Novo) before consumer use. Radiation-free full-body imaging at 60 seconds would be a significant technical achievement; no independent technical validation was found. This entry should be treated as a monitor until product existence is confirmed.,high,"Novel hardware development for a new imaging modality requires deep physics, engineering, and regulatory expertise with long development cycles and FDA De Novo or 510(k) clearance.",moonshot,Building ultrasonic CT achieving MRI-equivalent diagnostic sensitivity in 60 seconds and securing FDA clearance for a modality with no established clinical validation pathway.,"Very limited public information. The Midjourney AI image company (midjourney.com) does not currently operate a medical division as a publicly confirmed product. If this entity refers to a different company operating under a similar name, independent sourcing is needed. Treat all fields other than the pre-existing ones as provisional until website becomes live and verifiable."
Neko Health,nekohealth.com,2018,series-b,325,preventive health scanning,"Offers preventive full-body health scans combining sensors, imaging, blood tests, and physician review.","Preventive healthcare is reactive, fragmented, and often misses early signals before disease becomes symptomatic.","Annual physicals, blood panels, dermatology checks, executive health screening, private GP appointments.",services,consumer | provider | employer,high,medium,short,medium,20200,"Neko positions against the global preventive health market, framing annual scans as the equivalent of a car service for the body. The broader addressable market includes employer wellness spending, concierge medicine, and the growing consumer longevity segment. The $20B+ TAM estimate reflects global private preventive health screening spend. (Source: training knowledge; no public TAM statement verified from website.)","Stockholm clinic: Neko Health opened its first clinic in Stockholm in 2023, targeting health-conscious Swedish consumers willing to pay out of pocket for a comprehensive preventive scan. The co-founder (Daniel Ek, Spotify) provided founder brand credibility and direct consumer reach. The first product was the full-body scan appointment, sold as a one-time or subscription experience.","Stockholm clinic: Neko Health opened its first clinic in Stockholm in 2023, targeting health-conscious Swedish consumers willing to pay out of pocket for a comprehensive preventive scan. The co-founder (Daniel Ek, Spotify) provided founder brand credibility and direct consumer reach. The first product was the full-body scan appointment, sold as a one-time or subscription experience.",important-enabler,customer-generated | proprietary,founder-brand | capital | data | distribution,,"full-body optical skin scan | cardiovascular sensor data (ECG, blood pressure) | body composition measurements | standard blood panel (50+ biomarkers) | patient-reported health history",measure,"full-body health scan report reviewed by physician | early disease signal flags (skin, cardiac, metabolic, vascular) | biomarker trend tracking over repeat visits | GP or specialist referral recommendation","Multi-sensor full-body scan (skin, heart, vascular, body composition) + blood panel + physician review in a single visit.","$325M Series B (led by General Catalyst and Lakestar, 2024). Operational clinics in Stockholm and London. High NPS and waitlist demand reported in press. No published clinical outcomes data on early disease detection rates at time of research.","Midjourney Medical (ultrasonic CT, different modality), Superpower, Function Health","Wearable companies (Apple, Whoop, Garmin) for between-scan monitoring, GP and specialist networks for referral handoff, biomarker tracking apps (Levels, InsideTracker).","Consumer health interest, wearable data awareness","GP follow-up, specialist referral, ongoing monitoring","Neko produces a snapshot, not continuous monitoring — no longitudinal biological state inference between visits. The physician review component is a human bottleneck that limits throughput scaling. No published evidence base on sensitivity/specificity for early disease detection yet. Revenue model depends on repeat visits; retention economics unclear. Does not yet operate at scale outside Stockholm and London.",high,"Daniel Ek founder brand, $325M raised, proprietary multi-sensor scanning infrastructure, and physician review network across Stockholm and London took years to build.",very-hard,Accumulating longitudinal outcome data proving preventive scanning changes health outcomes and justifying employer and payer spend at scale.,"Co-founded by Daniel Ek (Spotify) and Hjalmar Nilsonne. The founder brand is a significant distribution advantage in Europe. $325M Series B in 2024 is a large round for a consumer health services company, suggesting investors are betting on clinic network expansion rather than near-term unit economics."
Twin Health,twinhealth.com,2018,series-d-plus,272,digital twins,"Builds a metabolic digital twin using CGM, wearables, labs, and behaviour data to guide personalised metabolic care.","Metabolic disease care is generic, episodic, and often fails because behaviour and physiology change continuously.","Primary care, dietitians, diabetes coaching, GLP-1s, CGM apps, generic lifestyle programmes.",reimbursement,payer | provider | consumer,high,high,medium,medium,9500,"Metabolic disease (obesity, prediabetes, T2D) is the highest-cost chronic disease category for US employers and health plans; the company targets the $9.5B+ market for employer and health plan diabetes management programs where GLP-1 drug costs are accelerating payer demand for non-pharmacological alternatives.","Type 2 diabetes and prediabetes management sold through self-insured employers. The first distribution channel was enterprise employers (Benjamin Moore, HCSC, Invitation Homes, Heritage Group Health, RRD among named partners) using an outcomes-based ""all-fees-at-risk"" pricing model, which lowered employer procurement risk and provided a dataset for clinical validation.","Type 2 diabetes and prediabetes management sold through self-insured employers. The first distribution channel was enterprise employers (Benjamin Moore, HCSC, Invitation Homes, Heritage Group Health, RRD among named partners) using an outcomes-based ""all-fees-at-risk"" pricing model, which lowered employer procurement risk and provided a dataset for clinical validation.",core-moat,proprietary | customer-generated,data | model | clinical-evidence,,"continuous glucose monitoring (CGM) streams | wearable activity and sleep sensor data | dietary logs and behaviour data | lab results (A1C, metabolic panels)",monitor,"personalised daily recommendations (food, sleep, activity, stress) | metabolic state predictions | A1C trajectory forecasts | medication reduction guidance","Real-time metabolic digital twin: continuous data from CGM and wearables feeds an AI model that builds an individual-specific model of metabolic response, then delivers daily personalised guidance and medication adjustment signals to members and their care team.","Multiple peer-reviewed publications: Cleveland Clinic-led randomised study in NEJM Catalyst (NCT05181449); one-year outcomes in Nature Scientific Reports (2024); hypertension study in JACC: Advances (2024). Reported 2025 group outcomes: 71% of members lowered A1C below 6.5% without glucose-lowering medications, 27 lb average weight loss, 85% GLP-1 elimination rate, 46% insulin elimination rate.","Virta Health (T2D reversal via ketogenic diet + remote care), Omada Health (digital diabetes prevention), Noom (behaviour-based weight management), Hinge Health (condition management, different indication), and GLP-1 prescribing platforms (Calibrate, Ro).","CGM manufacturers (Dexcom, Abbott FreeStyle Libre), wearable platforms (Apple Health, Fitbit), EHR systems, PBMs managing GLP-1 spend, and population health platforms that can route members.","CGM and wearable data streams, patient behaviour data","Clinical care decisions, prescription adjustment","Advanced enough technically; harder problems are behaviour change, trust, adherence, and payer/employer distribution.",medium,Payer and employer contracts require outcomes data accumulated over years and complex B2B sales cycles; published NEJM Catalyst and Nature clinical evidence creates credibility moat.,hard,"Sustaining behaviour change long enough to produce durable metabolic outcomes in a diverse, non-compliant real-world population at scale.","Outcomes-based pricing (""all-fees-at-risk"") is a meaningful structural differentiator: it aligns incentives with payers and shifts the risk of non-performance to Twin Health, which requires high confidence in the clinical model and creates a data flywheel from enrolled members."
QuantHealth,quanthealth.ai,2019,series-a,30,digital twins,Trial simulation platform that predicts patient response to drugs; currently models PFS.,Pharma sponsors lack early confidence on trial outcomes before committing to costly Phase 2/3 investment.,"Historical base rates, expert opinion, phase transition models, CRO feasibility assessments.",saas,pharma | biotech | investor,high,high,long,heavy,66300,"QuantHealth positions against the total cost of late-stage trial failure. Phase 3 failures cost $800M–$1.4B per program; the global clinical trial market is ~$66B. Even modest improvement in PTS rates at Phase 2/3 represents billions in recoverable value. (Source: quanthealth.ai, paraphrased)","Protocol optimization for oncology trials: QuantHealth entered by offering sponsors a way to virtually test protocol designs before locking them in. The first wedge was KM-curve simulation for progression-free survival in oncology, where the cost of a wrong protocol decision is highest and sponsors have the most budget.","Protocol optimization for oncology trials: QuantHealth entered by offering sponsors a way to virtually test protocol designs before locking them in. The first wedge was KM-curve simulation for progression-free survival in oncology, where the cost of a wrong protocol decision is highest and sponsors have the most budget.",core-moat,licensed | public,data | model | IP,,"real-world patient records (350M lives, 10K+ data points/patient, 10-year longitudinal) | biomedical knowledge graph (5M+ datapoints, 30+ sources) | clinical trial results database (180K trials) | drug database (100K drugs) | investigational drug target and structure data",predict,"virtual trial results (KM curves, PFS/OS endpoints) mirroring real trial report format | protocol optimization recommendations | indication selection guidance | enrollment predictions | market forecasting | probability of success scores","Combines a proprietary biomedical knowledge graph (5M+ datapoints mapping drug → target → pathway → disease) with a 350M-patient real-world database to decompose individual patient journeys and digitally recompose them with any treatment, then runs virtual trials across user-defined inclusion/exclusion populations. (Source: quanthealth.ai/technology)","Sanofi Ventures is among the investors listed on the website (quanthealth.ai). Published case studies across ARDS, MASH, HNSCC, and IBD demonstrating platform output fidelity against real trial results. ISO 27001, SOC 2 Type 2 certified.","Unlearn (digital twins), inClinico/HINT (metadata prediction)","CROs (ICON, Covance, PRA), EDC platforms (Medidata), statistical analysis vendors, competitive intelligence platforms (Citeline, Evaluate Pharma).",Drug development programs,"Trial execution, go/no-go decisions","Appears to model primarily PFS and standard efficacy endpoints; safety simulation is not described on the website. Does not use wearable or biomarker signals as inputs — relies on historical RWD, not latent biological state. Commercial model (4-fold: clinical dev, BD, portfolio strategy, competitive positioning) is the closest reference point to EF thesis.",very-high,"350M patient records, 5M-datapoint knowledge graph, and 180K trial database took years to license and assemble; Sanofi Ventures backing provides pharma credibility.",very-hard,Producing trial simulations accurate enough that pharma sponsors trust them for go/no-go decisions with hundreds of millions at stake per program.,Most direct commercial reference point for EF thesis. Offices in Worcester MA and Tel Aviv. Partners include Sanofi Ventures among supporters shown on homepage (logos not all labeled by name).
Unlearn,unlearn.ai,2017,series-c,133,digital twins,Builds clinical-trial digital twins to model counterfactual placebo or control outcomes for trial participants.,"Clinical trials are large, slow, expensive, and often underpowered because control arms consume patients and budget.","Randomised control arms, historical controls, external control arms, CRO statistical design, Bayesian trial methods.",saas,pharma | biotech | cro,high,high,long,heavy,66300,"Clinical trial market is ~$66B. Unlearn argues that increasing statistical power via digital twins allows sponsors to reduce control arm size (or sample size overall) by 20-30%, cutting trial cost and duration while preserving or improving efficacy signal. Power gains compound across primary and secondary endpoints (unlearn.ai/digital-twins).",PROCOVA (prognostic covariate adjustment) — historical participant data generates synthetic control trajectories.,PROCOVA (prognostic covariate adjustment) — historical participant data generates synthetic control trajectories.,core-moat,licensed | proprietary | partner-supplied,data | model | regulatory-trust | IP,,historical clinical trial participant data (baseline + longitudinal outcome data) | disease-specific patient registries | individual participant baseline measurements at trial enrollment,predict,digital twin forecasts of individual control outcomes at every trial time point | PROCOVA-adjusted statistical analyses | synthetic control arms for single-arm studies | power and sample-size projections,"Disease-specific ML models (Digital Twin Generators, DTGs) trained on large pools of historical clinical trial data generate forecasts of individual disease progression under control or standard of care using only baseline data; these forecasts serve as prognostic covariates in PROCOVA-adjusted analyses to increase statistical power without inflating Type I error.","FDA engagement on PROCOVA statistical method. EMA (CHMP) officially qualified PROCOVA for use in Phase 2 and 3 trials with continuous outcomes. SOC 2 Type 2 and 21 CFR Part 11 compliance for GxP-regulated deployment. Over 20 disease-specific DTG models publicly available (neuroscience, immunology, cardio/metabolic, musculoskeletal, psychiatric).","QuantHealth (trial simulation), Medidata (statistical design tools), IQVIA (historical controls), Flatiron Health (external control arms), Cytel (adaptive trial design software).","CROs (IQVIA, Covance, PRA) for trial execution. EDC platforms (Medidata Rave, Veeva Vault) for data integration. Biomarker stratification tools. Decentralised trial platforms (Veeva, Oracle) that generate the longitudinal data DTGs consume.","Clinical trial design, historical trial data repositories, patient enrollment and baseline data collection","Statistical analysis, interim analyses, regulatory submission, go/no-go decisions","Models counterfactual control outcomes; does not infer latent patient biological state during the trial or predict early signals of response/resistance. DTGs are disease-specific and require sufficient historical data — rare diseases or novel endpoints are not yet covered. Does not handle imaging, genomics, or wearable-stream inputs; operates on structured clinical outcome scales.",high,EMA CHMP qualification of PROCOVA required years of regulatory engagement and statistical validation that no new entrant can shortcut; 20+ disease-specific DTG models are a compounding data asset.,hard,Getting sponsors and regulators to trust a statistical innovation enough to use it in pivotal trial submissions where a wrong decision costs $800M+.,"Three-product suite: Plan (trial planning and simulation), Monitor (advanced trial monitoring), Analyze (digital twins / PROCOVA). On-premises cloud deployment option available for sponsors with data sovereignty requirements. ""The AI partner of choice for top pharma and biotechs"" — positioned as enterprise infrastructure, not a point tool."
Chai Discovery,chaidiscovery.com,2024,series-b,225,generative biology,Builds AI models for molecular interaction prediction and de novo antibody or binder design.,"Antibody and binder discovery remains slow, experimentally intensive, and unreliable for difficult targets.","Display libraries, hybridoma discovery, directed evolution, CRO antibody discovery, structure-guided engineering.",partnerships,pharma | biotech,high,high,long,medium,285900,"No explicit market size cited. Chai frames the opportunity as replacing empirical antibody discovery (the biologics hit discovery market), where half of all recent biopharmaceutical approvals are antibodies. Partnerships with Eli Lilly (Jan 2026) and Pfizer license (Jun 2026) signal pharma willingness to pay for API/software access to the model suite. UK government named Chai in a drug discovery technology announcement (London Tech Week).","Chai-1 (September 2024): open-source multi-modal foundation model for molecular structure prediction, released free for commercial use under Apache 2.0. Benchmarked at 77% on PoseBusters (vs. 76% AlphaFold 3), with state-of-the-art multimer prediction without requiring multiple sequence alignments. The open release built immediate adoption across research and industry, establishing Chai as a credible infrastructure player before monetization.","Chai-1 (September 2024): open-source multi-modal foundation model for molecular structure prediction, released free for commercial use under Apache 2.0. Benchmarked at 77% on PoseBusters (vs. 76% AlphaFold 3), with state-of-the-art multimer prediction without requiring multiple sequence alignments. The open release built immediate adoption across research and industry, establishing Chai as a credible infrastructure player before monetization.",important-enabler,proprietary | public,model | IP | distribution | founder-brand,discovery,"protein target sequences and structures | epitope specifications | antibody framework constraints (optional) | multimodal prompts (ligands, post-translational modifications)",generate,"de novo antibody sequences (scFv, VHH nanobodies, full-length mAbs) | binding affinity predictions | structure predictions for all molecule classes (proteins, small molecules, DNA, RNA)","Multimodal generative architecture combining all-atom structure prediction with generative modeling: Chai-1 predicts structures of proteins, small molecules, DNA, RNA, and covalent modifications from sequence; Chai-2 adds zero-shot generative antibody design achieving double-digit experimental hit rates (100x improvement over prior computational methods), designing full-length mAbs with drug-like developability confirmed by cryo-EM at sub-angstrom accuracy.","Chai-1: state-of-the-art on PoseBusters, CASP15 monomer, and DockQ multimer benchmarks (Sep 2024). Chai-2: double-digit de novo antibody hit rates across diverse targets including GPCRs and peptide-MHC complexes; cryo-EM structural confirmation at sub-angstrom accuracy; full-length mAb developability on par with therapeutic antibodies (Nov 2025 paper). $130M Series B (Dec 2025, General Catalyst + Oak HC/FT, with OpenAI, Thrive Capital, Dimension, Menlo Ventures). Eli Lilly biologics collaboration (Jan 2026). Pfizer license agreement (Jun 2026). Lilly/TuneLab collaboration (Jun 2026).","Isomorphic Labs (IsoDDE covers biologics), Latent Labs (Latent-X2 overlaps on antibody design), AbSci (generative antibody platform), Schrödinger (structure-based drug design, especially small molecules), Schrodinger/OpenFold for structure prediction infrastructure, Evolvere Biosciences, Absci.","Latent Labs (uses Chai-1 for structure consistency checking in its own pipeline), wet-lab CROs for experimental validation, CDMOs for manufacturing, target ID companies upstream, clinical-stage biotechs needing fast antibody candidates.","Target identification and disease biology, structural biology databases (PDB, RCSB), protein and antibody sequence databases.","Developability optimization, ADMET profiling, IND-enabling preclinical studies, clinical development at pharma/biotech partners.","Advanced design and developability work but still upstream of tissue delivery, dosing, patient selection, and clinical POS.",high,Open-source Chai-1 built rapid pharma adoption before monetisation; Lilly and Pfizer deals within 18 months of founding create distribution lock-in that is hard to displace.,very-hard,"Scaling from zero-shot antibody design to full therapeutic programs requires wet-lab, manufacturability, and clinical validation infrastructure the current team does not yet own.","Team backgrounds primarily from OpenAI, Meta FAIR, Google X, and Stripe (not traditional biotech). Founded 2024 with seed funding (Sep 2024) then Series A $70M (Aug 2025) then Series B $130M at $1.3B valuation (Dec 2025). OpenAI is an investor. Total ~$225M raised across seed + A + B. Access to Chai-2 gated under Responsible Deployment policy. Chai-1 remains open-source. The Lilly deal (Jan 2026) and Pfizer license (Jun 2026) establish it as software/API vendor to large pharma within ~18 months of founding."
Generate Biomedicines,generatebiomedicines.com,2018,public,1100,generative biology,"Uses generative biology to design novel protein therapeutics across antibodies, enzymes, peptides, receptors, and other biologics.","Protein therapeutics are hard to design because sequence, structure, function, expression, manufacturability, and immunogenicity must all work together.","Antibody discovery platforms, directed evolution, display technologies, empirical protein engineering, biologics CROs.",hybrid,pharma | biotech,high,high,long,heavy,318470,"Positions against the full biotherapeutics market. CEO/company materials frame Generative Biology as ""a fundamental shift in what is possible in therapeutic development,"" implying the addressable market is the global biologics market (~$318B, cited in entry). Lead program GB-0895 targets severe asthma, a multi-billion-dollar market with tezepelumab (AstraZeneca/Amgen) as comparator.","The Chroma model: a generative diffusion model trained on millions of proteins to learn the rules by which nature encodes function in sequence and structure. Built and tested 42,000+ proteins internally to create a closed-loop system where ML drives design and lab results retrain the model in real time.","The Chroma model: a generative diffusion model trained on millions of proteins to learn the rules by which nature encodes function in sequence and structure. Built and tested 42,000+ proteins internally to create a closed-loop system where ML drives design and lab results retrain the model in real time.",core-moat,proprietary | generated-in-house,data | model | wet-lab | clinical-evidence | IP,discovery,protein sequence and function specifications | structural constraints and target binding requirements | large-scale protein sequence databases,generate,"novel protein therapeutic sequences and structures | drug candidates across antibodies, enzymes, peptides, and receptors","Closed-loop generative biology platform (The Generate Platform): trains large-scale diffusion models on protein sequence and structure data, generates novel protein designs conditioned on therapeutic function specifications, and validates in-house across modalities (antibodies, enzymes, peptides, receptors) with continuous experimental feedback.","GB-0895: AI-engineered anti-TSLP antibody entered Phase 3 (two global studies for severe asthma, initiated December 2025) and Phase 1 for COPD, presenting Phase 1 results at ERS 2025. IPO on Nasdaq (February 2026). Flagship Pioneering backing (founded as spinout). 42,000+ proteins generated and experimentally tested.","Absci (generative antibody design), Protein Design Labs, AbCellera (antibody discovery), Twist Bioscience (synthetic biology), Isomorphic Labs (overlapping on biologics generation), Chai Discovery (antibody design), Latent Labs (antibody and protein design), traditional antibody discovery CROs (Lonza, WuXi Biologics).","CDMOs for clinical manufacturing (Lonza, Samsung Biologics), clinical CROs for Phase 2/3 execution, genomics companies for target identification, computational chemistry platforms for small molecule combination programs.","Genomic target identification, structural biology databases (PDB), protein sequence databases (UniProt), disease biology research.","Preclinical IND-enabling studies, clinical development (Phase 1-3), regulatory submission, commercial manufacturing.","Advanced generative design of biologics, but gaps remain around developability, immunogenicity, manufacturing, differentiation, and clinical proof.",very-high,"Closed-loop experimental flywheel (42K+ proteins tested in-house) requires frontier ML and wet-lab infrastructure operating in parallel at scale, backed by Flagship Pioneering and IPO capital.",moonshot,Proving de novo protein therapeutics clear Phase 3 with competitive efficacy and safety against established biologics — GB-0895 is the live test.,Founded 2018 as a Flagship Pioneering company (same incubator as Moderna). Public as of Feb 2026 (IPO). Business model is hybrid: generates internal pipeline (like a biotech) and operates platform technology. The Generate Platform is proprietary and not licensed externally. Reported Q1 2026 financial results May 2026.
Insilico Medicine,insilico.com,2014,public,400,ai drug design,"Uses generative AI and reinforcement learning to identify drug targets, design molecules, and predict clinical trial outcomes via inClinico.",Drug discovery is slow; clinical trial outcome is hard to predict before committing to large Phase 2/3 investment.,"Pharma internal R&D, CRO services, historical base-rate estimates, expert opinion on phase transition.",hybrid,pharma | biotech,high,high,long,heavy,200000,"Insilico addresses the $2T global pharma R&D spend with a platform that compresses discovery timelines. INS018_055 reaching Phase 2 — described as the first fully AI-designed drug candidate to do so — serves as the market proof point that generative AI can replace years of traditional discovery. (Source: insilico.com, Nature Biotechnology publications)","Longevity and aging biology: Insilico entered as an AI-for-aging research platform, publishing heavily on GAN-based approaches to biology. The first commercial product was the Pharma.AI suite. The entry wedge into revenue was licensing Pharma.AI tools (PandaOmics for target ID, Chemistry42 for molecule generation) to pharma and biotech companies, alongside building an internal pipeline.","Longevity and aging biology: Insilico entered as an AI-for-aging research platform, publishing heavily on GAN-based approaches to biology. The first commercial product was the Pharma.AI suite. The entry wedge into revenue was licensing Pharma.AI tools (PandaOmics for target ID, Chemistry42 for molecule generation) to pharma and biotech companies, alongside building an internal pipeline.",core-moat,proprietary | public | generated-in-house,data | model | IP | clinical-evidence | wet-lab,,"omics data (genomics, transcriptomics, proteomics) | clinical trial metadata (target, disease, protocol design, endpoints, investigators) | drug molecular structure and target interaction data | scientific literature, patents, grants (via NLP) | preclinical CRO data",generate,"novel drug candidates (small molecules) optimized for target, ADMET, and synthesizability | probability of success scores for clinical trials (inClinico) | target identification and ranking (PandaOmics) | IND-ready preclinical candidate nominations",Generative chemistry + RL for molecule design; inClinico for trial outcome prediction from trial metadata.,"INS018_055 (IPF) reached Phase 2 — first AI-discovered drug to reach Phase 2 clinical trials. Pipeline as of site: 40+ programs, 13 IND approvals, 31 preclinical candidates nominated since 2021. Listed on HKEX (2023 IPO). Published in Nature Biotechnology (2024) on generative drug design. inClinico has prospective validation studies published. (Source: insilico.com/pipeline, pharma.ai/inclinico)","IQVIA/HINT (trial outcome prediction from metadata), Recursion Pharmaceuticals (phenotypic AI drug discovery), Exscientia (generative chemistry), BenevolentAI (target ID + molecule design)","CROs for wet-lab validation, genomic data providers, clinical data platforms (Flatiron, Tempus) for inClinico input enrichment.",Target identification,"Clinical development, trial execution",inClinico predicts trial outcomes from metadata — does not use latent biological state inference or biomarker/wearable signals. Generative molecule design still requires extensive wet-lab validation; the platform accelerates discovery but does not remove the clinical attrition problem. HKEX listing creates capital markets pressure that pure-platform peers avoid.,nearly-impossible,"10+ years building proprietary platform (PandaOmics, Chemistry42, inClinico), 40+ programs, 13 IND approvals, HKEX listing, and published Nature Biotechnology validation.",moonshot,Proving AI-generated drugs succeed in Phase 2/3 at materially higher rates than the historical 10% baseline to justify the platform premium over traditional discovery.,"Most directly adjacent to EF thesis via inClinico. IQVIA/HINT commercialisation status needs investigation before treating this angle as open. Listed on HKEX in April 2023. Headquartered in Cambridge MA with offices in Hong Kong, Shanghai, Abu Dhabi. CEO: Alex Zhavoronkov. Total funding estimate ~$400M pre-IPO; IPO raised approximately $255M (training knowledge — verify against IR site)."
Isomorphic Labs,isomorphiclabs.com,2021,series-b,2700,ai drug design,Builds frontier AI models for biomolecular prediction and drug design across small molecules and biologics.,"Drug discovery is slow, empirical, expensive, and often fails because molecule-target interactions are hard to predict.","Traditional medicinal chemistry, structure-based design, wet-lab screening, CRO discovery services, pharma internal R&D.",hybrid,pharma | biotech,high,high,long,heavy,200000,"Positions against the full global drug discovery R&D spend; Demis Hassabis has framed the mission as solving ""all disease."" No specific market size cited publicly, but implied addressable market is the $200B+ annual pharma R&D budget (internal estimate basis).","AlphaFold 3 (released May 2024), extending DeepMind's Nobel-winning protein structure prediction to model interactions between all biological molecule classes. This gave Isomorphic a credibility and capability foundation to build toward drug design proper.","AlphaFold 3 (released May 2024), extending DeepMind's Nobel-winning protein structure prediction to model interactions between all biological molecule classes. This gave Isomorphic a credibility and capability foundation to build toward drug design proper.",important-enabler,proprietary | public | partner-supplied,model | founder-brand | capital | IP,discovery,protein sequences and structures | small molecule chemical data | antibody sequences and antigen data,generate,drug candidate structures (small molecules and biologics) | binding affinity predictions | ligandable pocket identifications,"End-to-end unified drug design engine (IsoDDE) combining predictive structure modeling (building on AlphaFold 3) with generative molecule design, operating across small molecules, antibodies, peptides, and molecular glues from sequence/structure inputs to drug candidate outputs.","Three pharma research collaborations (Novartis Jan 2024 expanded Feb 2025, Eli Lilly undisclosed, J&J Jan 2026). $2.1B Series B (Feb 2025, Thrive Capital lead, with Alphabet, GV, MGX, Temasek, CapitalG, UK Sovereign AI Fund). IsoDDE benchmark: >2x accuracy over AlphaFold 3 on protein-ligand structure prediction for novel systems; 2.3x better than AF3 and 19.8x better than Boltz-2 on antibody-antigen prediction (company-reported).","Schrödinger (physics-based drug design platform), Recursion Pharmaceuticals (AI-guided phenotypic screening), Insilico Medicine (generative small molecule design), Exscientia (AI-designed small molecules, acquired by Recursion 2024), Relay Therapeutics (structure-informed drug design), Latent Labs, Chai Discovery.","CROs for wet-lab validation (Charles River, Evotec), CDMOs for manufacturing, clinical-stage biotechs who need better lead candidates, genomics/target ID companies (e.g., Recursion's target ID side).","Genomics and target identification (what genes/proteins to drug), structural biology (experimental structures that train or validate models), public databases (PDB, UniProt, ChEMBL).","Medicinal chemistry optimization, ADMET/developability assessment, IND-enabling preclinical studies, clinical development.","Brings frontier AI to molecular design, but the non-technical gap is clinical translation: target choice, patient selection, dose, safety, regulatory path.",very-high,"DeepMind lineage, AlphaFold IP, $2.7B capital, and an exclusive frontier AI-biology talent pool mean no startup can assemble comparable infrastructure.",moonshot,"Generalising biomolecular prediction across all target classes, modalities, and binding contexts without overfitting to known chemistry.","Founded by Demis Hassabis as a sister company to DeepMind within Alphabet. Scientific advisory board includes Jennifer Doudna, Paul Nurse, Venki Ramakrishnan. Internal pipeline focused on oncology and immunology, not yet disclosed. $600M additional external round announced March 2025 on top of the Feb 2025 Series B."
Latent Labs,latentlabs.com,2024,series-a,50,generative biology,"Builds AI foundation models and tooling for de novo protein, antibody, enzyme, and genetic-engineering design.",Most biotech and pharma teams cannot build or maintain frontier protein-design models internally.,"Internal computational biology teams, academic tools, CRO protein-engineering services, manual wet-lab screening.",partnerships,pharma | biotech,medium,high,long,medium,24260,No explicit market size claim on website. Implicit positioning: the protein therapeutics market ($24B+ biologics discovery segment) plus any pharma team that runs antibody or protein engineering programs. AWS partnership (May 2025) and NVIDIA DGX Cloud access (June 2025) suggest infrastructure-level ambitions beyond niche tooling.,"Latent-X (July 2025): an atom-level generative model for de novo protein binder design, released via a no-code platform. First model to achieve 91-100% hit rates for macrocycles and 10-64% for mini-binders across 7 targets, generating picomolar binders in seconds. Entry was a public model release targeting research teams who could not access AlphaFold-level protein design.","Latent-X (July 2025): an atom-level generative model for de novo protein binder design, released via a no-code platform. First model to achieve 91-100% hit rates for macrocycles and 10-64% for mini-binders across 7 targets, generating picomolar binders in seconds. Entry was a public model release targeting research teams who could not access AlphaFold-level protein design.",important-enabler,proprietary | generated-in-house,model | founder-brand | wet-lab,discovery,natural language design prompts | protein target sequences and structures | epitope specifications | scientific publications (for Latent-Y agent mode),generate,"antibody sequences (VHH nanobodies, scFvs, full mAbs) | macrocyclic peptide candidates | miniprotein binders","All-atom generative models that jointly sample protein sequence and structure while modeling atomic-level chemistry (hydrogen bonds, pi-stacking); three model tiers: Latent-X (binder design), Latent-X2 (drug-like antibodies with developability and low immunogenicity), Latent-Y (autonomous agent operating from natural language prompts to design and plan full discovery campaigns 56x faster than expert estimates).","Latent-X: 91-100% macrocycle hit rates, 10-64% mini-binder hit rates across 7 targets (lab-confirmed); Latent-X2: first AI-generated VHH antibodies with low immunogenicity in 10-donor human ex vivo T-cell and cytokine assays; developability on par with approved therapeutics without optimization; Latent-Y: 67% hit rate (6/9 targets), single-digit nanomolar binding affinities, 56x speed increase vs. expert estimates. $50M seed (Feb 2025, Radical Ventures + Sofinnova Partners lead). Angel investors include Jeff Dean (Google) and Dario Amodei (Anthropic).","Chai Discovery (antibody design, Chai-2 overlaps directly), Isomorphic Labs (biologics generation side), AbSci (generative antibody platform), ProteinMPNN/RFdiffusion-based academic tools, Evozyne, Generate Biomedicines.","CROs for wet-lab validation (Charles River, WuXi), CDMOs for manufacturing, target identification companies upstream, clinical-stage biotechs who need fast antibody lead generation.","Target identification and disease biology, structural biology databases (PDB), protein sequence databases, public antibody repertoires.","Developability optimization, ADMET profiling, IND-enabling preclinical studies, clinical development.","Strong technical layer but less clear downstream capture unless it owns programs, data, or partner economics.",high,Ex-DeepMind founders with AlphaFold lineage and frontier protein-design model expertise that took years to develop; Jeff Dean and Dario Amodei as angel investors signals access to talent and compute networks.,very-hard,Translating high in vitro hit rates (91-100% macrocycles) to clinical-stage programs with commercial economics and partner-funded development.,"Founders co-developed AlphaFold at DeepMind and also ""invented latent diffusion"" (per company description) and built high-throughput protein screening platforms. CEO Simon Kohl (ex-DeepMind) named to Observer's 2025 AI Power Index. Based in London with SF presence. Latent-X uses Chai-1 and Boltz-2 for structure prediction consistency checking, indicating complementary rather than competing relationship with Chai Discovery at the infrastructure level."
Tempus,tempus.com,2015,public,1420,multimodal oncology data platform,"Combines diagnostics, oncology data, trial matching, and RWE analytics into a single patient-to-trial and drug-development support platform.",Pharma sponsors cannot efficiently match patients to trials or use real-world oncology data alongside clinical trial data.,"Manual chart review, CRO recruitment, independent RWE vendors, separate diagnostics providers.",hybrid,pharma | provider | biotech,high,high,long,heavy,100000,"Tempus calls themselves ""the operating system for precision medicine 2.0"" and states they serve 95% of the top 20 pharma companies and 250+ biopharma companies. They have 8.5M+ de-identified research records, 5K+ connected healthcare institutions, and 5M+ cancer patients in the TIME network. They position total RWE + precision oncology market at $100B+. (Source: tempus.com/life-sciences, Wikipedia)","Eric Lefkofsky founded Tempus in 2015 after his wife was diagnosed with breast cancer — the initial motivation was the fragmentation of clinical and molecular data in cancer care. The entry wedge was clinical genomic sequencing (the xT panel, a 648-gene solid tumor sequencing test) sold to oncologists at academic medical centers. This built a proprietary database of matched molecular + clinical records at scale. They then monetized the data asset with pharma through RWE and trial recruitment products (TIME trial network). Sequencing-to-data flywheel: diagnostics volume funds data accumulation; data accumulation funds pharma licensing revenue.","Eric Lefkofsky founded Tempus in 2015 after his wife was diagnosed with breast cancer — the initial motivation was the fragmentation of clinical and molecular data in cancer care. The entry wedge was clinical genomic sequencing (the xT panel, a 648-gene solid tumor sequencing test) sold to oncologists at academic medical centers. This built a proprietary database of matched molecular + clinical records at scale. They then monetized the data asset with pharma through RWE and trial recruitment products (TIME trial network). Sequencing-to-data flywheel: diagnostics volume funds data accumulation; data accumulation funds pharma licensing revenue.",core-moat,proprietary | partner-supplied | customer-generated,data | distribution | clinical-evidence | regulatory-trust | IP,,tumor genomic sequencing (somatic + germline) | whole transcriptome RNA sequencing | liquid biopsy cfDNA | EHR clinical records | pathology images | real-world treatment and outcomes data,predict,genomic profiling reports for clinicians | companion diagnostic assays | real-world evidence datasets for pharma | trial eligibility matches (TIME trial program) | biomarker strategy analyses | MRD monitoring,Molecular profiling (genomic sequencing) + EHR integration at provider level + trial eligibility matching + RWE analytics.,"IPO after $1.42B raised. Multiple active pharma partnerships. Named pharma customers include AstraZeneca, Pfizer, BMS, GSK, Merck, Janssen, Eli Lilly, BioNTech, Genmab, Takeda, Boehringer Ingelheim, Recursion, United Therapeutics. FDA-approved companion diagnostic (xT CDx, 648-gene solid tumor panel). Acquired Ambry Genetics for $600M (Nov 2024) to expand germline testing. IPO on Nasdaq June 14, 2024 (TEM), raising $410.7M. SoftBank joint venture in Japan (SB Tempus, June 2024). 2K+ peer-reviewed publications citing Tempus data.","Flatiron (RWD), ConcertAI (RWD), Deep 6 AI (recruitment)","EHR vendors (Epic, Cerner) as integration partners for data collection. Sequencing instrument manufacturers (Illumina) upstream. CROs (IQVIA, Covance) that run the trials Tempus supports with recruitment and data. Wearable/remote monitoring vendors for longitudinal signal during trials (not yet integrated).","Molecular profiling, EHR data","Trial enrollment, drug commercialisation, RWE submissions","Strong on diagnostics and molecular profiling at enrollment; less clear on longitudinal in-trial signal inference or latent-state modelling from wearables/biomarkers during trials. The xT-to-RWE flywheel works in oncology; expansion into other therapeutic areas (cardiology, psychiatry) is earlier stage and faces different data dynamics. Ambry acquisition adds germline genetic testing complexity.",very-high,$1.42B deployed to build molecular profiling at oncology centre scale with EHR integrations; 95% of top 20 pharma already customers creates switching-cost lock-in.,very-hard,Converting a diagnostics and data business into high-margin recurring RWE contracts while defending against pharma building internal capabilities.,Hero comparison from EF previous batch (Immunara): investors excited by proprietary data partnerships.
Deep 6 AI,deep6.ai,2015,acquired,0,clinical trial recruitment,AI-powered clinical trial patient matching using EHR data and NLP to identify eligible patients faster than manual chart review.,Trial enrollment is slow; most eligible patients are never identified or contacted.,"Manual chart review, CRO recruitment networks, site coordinator outreach, patient registries.",saas,pharma | cro | provider,high,medium,medium,light,5000,"Clinical trial recruitment is estimated at $5B+ annually in spend on site activation, patient identification, and enrollment operations. Sponsors routinely fail to meet enrollment timelines, adding months to development cycles at $1M+ per day in delayed revenue (industry figures cited in company materials). Deep 6 AI targets the share of that spend going to site-level recruitment tooling.","Hospital EHR integration: Deep 6 AI entered by partnering with health systems to plug into existing EHR infrastructure (primarily Epic and Cerner), then applying NLP to unstructured clinical notes to surface trial-eligible patients that structured queries miss. The first product was a patient-matching dashboard for site coordinators.","Hospital EHR integration: Deep 6 AI entered by partnering with health systems to plug into existing EHR infrastructure (primarily Epic and Cerner), then applying NLP to unstructured clinical notes to surface trial-eligible patients that structured queries miss. The first product was a patient-matching dashboard for site coordinators.",core-moat,customer-generated | licensed,data | model | distribution,,EHR clinical notes (structured and unstructured) | trial eligibility criteria (inclusion/exclusion) | ICD codes and lab values,predict,ranked list of eligible patients per trial | estimated time-to-enrollment projections | site feasibility scores,NLP on clinical notes and EHR records to match patients to trial eligibility criteria.,"Acquired by Tempus AI in 2023, signaling commercial validation. Pre-acquisition, Deep 6 AI reported deployments at major academic medical centers and health systems. Tempus integration gives access to a large multimodal oncology dataset.","Mendel, Massive Bio","EDC vendors (Medidata, Veeva Vault), CTMS platforms, site management organizations (SMOs), EHR vendors (Epic, Cerner).","EHR data, trial eligibility criteria","Trial enrollment, patient consent, site activation",Solves enrollment speed; does not solve biological matching beyond eligibility criteria. Does not address protocol design or patient stratification by predicted response. Post-enrollment dropout and retention are outside scope.,high,"Acquired by Tempus in 2023; moat now merged into Tempus's oncology data and trial infrastructure. Pre-acquisition, EHR integrations at major academic centres were the key barrier.",hard,"EHR integration at scale across diverse EMR systems (Epic, Cerner) with sufficient NLP accuracy to reduce manual chart review and pass clinical validation.",Acquired by Tempus in 2023. Now operates as part of Tempus's broader oncology data and clinical trial infrastructure. Standalone competitive position as a pure-play recruitment tool no longer exists; the moat has merged into Tempus's distribution.
insitro,insitro.com,2018,series-c,643,drug discovery,"Combines high-throughput cellular data, human clinical or genetic data, and ML to discover and develop medicines.",Drug discovery fails because disease models often do not translate from cells or animals to human patients.,"Pharma internal discovery, academic biology, animal models, CRO assays, human genetics teams.",hybrid,pharma | biotech,high,high,long,heavy,200000,"Addressable market is the full pharmaceutical R&D spend (~$250B globally) with the argument that ML-enabled discovery can materially raise the success rate from the current ~10% across clinical stages; insitro frames its market as ""diseases where machine learning can make a transformative difference"" by integrating clinical data or tractable high-content cell models (insitro.com/about).","Platform licensing and co-discovery partnerships with pharma. The first externally validated entry was the Bristol Myers Squibb collaboration (announced 2024, $2.1B potential deal value, $50M upfront) for ALS and frontotemporal dementia target discovery. insitro used its POSH platform (pooled CRISPR screening plus self-supervised deep learning) to identify novel genetic targets, with a $25M milestone payment received upon first target nomination and expansion to two additional ALS targets in 2025.","Platform licensing and co-discovery partnerships with pharma. The first externally validated entry was the Bristol Myers Squibb collaboration (announced 2024, $2.1B potential deal value, $50M upfront) for ALS and frontotemporal dementia target discovery. insitro used its POSH platform (pooled CRISPR screening plus self-supervised deep learning) to identify novel genetic targets, with a $25M milestone payment received upon first target nomination and expansion to two additional ALS targets in 2025.",core-moat,proprietary | generated-in-house | partner-supplied,data | model | IP | founder-brand,,high-content cellular phenotyping images | pooled CRISPR screen readouts | human genetics and clinical cohort data | multi-omic molecular profiles,predict,validated drug targets | lead molecule candidates | disease mechanism hypotheses | patient stratification models,"POSH platform: automated high-content cellular phenotyping (Cell Painting-compatible CRISPR screens) combined with self-supervised deep learning to infer gene function at scale; human genetics used as a causal compass to select targets most likely to translate to patients; TherML unified AI engine integrating small molecule, oligonucleotide, and biologics design. Platform extended via CombinAbleAI acquisition for modality-agnostic design.","Bristol Myers Squibb collaboration ($50M upfront, $2.1B potential; $25M milestone received for first ALS target nomination, expanded to two additional targets in 2025); Eli Lilly partnership (September 2025, small molecule discovery for metabolic disease); Genomics England collaboration; POSH platform published in Nature Communications; Brown Adipose Tissue study (BAT-01 knockdown showing 15% body-weight reduction in preclinical models); MASH preclinical program with anti-fibrotic signals presented June 2026.","Recursion Pharmaceuticals (phenomics-first, public), Exscientia (AI-designed molecules, acquired by Recursion 2024), Insilico Medicine (generative chemistry + biology), Schrodinger (physics-based + ML), Relay Therapeutics (ML for structural biology), and pharma internal AI/ML drug discovery groups (BMS, Lilly, Roche).","CROs for wet-lab validation of computational hits, genomic biobank providers (UK Biobank, Genomics England), clinical data aggregators, and sequencing infrastructure providers.",Human genetics and disease biology,"Drug development, clinical trials",Brings advanced ML to disease modelling; still faces translation from cellular systems to human efficacy.,high,"BMS deal ($50M upfront, $25M milestone paid) validates proprietary POSH platform which required years of cellular phenotyping infrastructure, human genetics integration, and ML development.",very-hard,Translating pooled CRISPR screen hits and cellular phenotyping signals to clinical-stage programs that survive the in vivo translation gap.,"Founded by Daphne Koller (co-founder of Coursera, former Stanford AI professor, former Chief Computing Officer at Caltech), whose brand and network are part of the moat. Series C ($400M, 2024) total now $643M. The TherML platform and CombinAbleAI acquisition signal a shift from pure target discovery toward modality-agnostic drug design across the full discovery-to-development arc."
Recursion / Valence Labs,recursion.com,2013,public,950.7,ai simulated biology,"Industrialises perturbation biology using imaging, phenomics, chemistry, robotics, and ML to predict cellular responses and discover drugs.","Biology is too complex to reason about manually, and perturbation-response data are sparse, fragmented, and expensive.","Manual cell assays, CRO screening, pharma high-throughput screening, academic perturbation datasets, medicinal chemistry cycles.",hybrid,pharma | biotech,high,high,long,heavy,200000,The company targets the full drug discovery market ($250B+ global pharma R&D) with the argument that industrialising biology at scale reduces the cost and time of early discovery by an order of magnitude; BioHive-2 supercomputer (built with NVIDIA) provides compute infrastructure for pharmaceutical-scale modelling (recursion.com/platform).,"Rare disease and oncology programs discovered via phenotypic screening, with REC-4881 (MEK1/2 inhibitor for familial adenomatous polyposis, FAP) as the first clinical candidate to reach Phase 2. The entry logic was that rare diseases have defined patient populations, measurable phenotypic readouts, and Orphan Drug designation pathways that create faster routes to validation. Recursion entered pharma as a platform licensor (Roche/Genentech, Bayer partnerships) while advancing wholly-owned programs in parallel.","Rare disease and oncology programs discovered via phenotypic screening, with REC-4881 (MEK1/2 inhibitor for familial adenomatous polyposis, FAP) as the first clinical candidate to reach Phase 2. The entry logic was that rare diseases have defined patient populations, measurable phenotypic readouts, and Orphan Drug designation pathways that create faster routes to validation. Recursion entered pharma as a platform licensor (Roche/Genentech, Bayer partnerships) while advancing wholly-owned programs in parallel.",core-moat,proprietary | generated-in-house,data | wet-lab | model | capital | IP,,high-content microscopy images of perturbed cells | transcriptomic profiles (gene expression after perturbation) | proteomic data | ADME chemical property data | de-identified patient data,predict,drug target identifications | lead small molecule candidates | phenomaps (biological maps of perturbation space) | clinical program nominations,"Recursion OS: automated wet labs process up to 2.2 million samples per week using high-content microscopy; cell images are embedded into mathematical space via multimodal ML foundation models; embeddings map perturbation-response relationships at scale (>36 petabytes of phenomics, transcriptomics, proteomics, ADME data); synthesis-aware generative AI designs molecules within those maps; active learning closes the loop between experimental data and model refinement. Valence Labs (research arm) develops foundation models including TxPert (transcriptional perturbation prediction) and virtual cell frameworks.","Five clinical-stage programs (REC-4881 Phase 2, REC-617 Phase 1/2, REC-1245 Phase 1, REC-3565 Phase 1, REC-4539 Phase 1); Roche/Genentech partnership producing 6 Phenomaps with 1 GI oncology program initiated; Bayer partnership advancing to lead series; Valence Labs published TxPert (May 2025) and Virtual Cells framework (May 2025); 68+ publications from Valence Labs spanning 2019-2025; REC-4881 holds FDA Fast Track and US/EU Orphan Drug designation.","insitro (ML-driven cellular biology, private), Exscientia (acquired by Recursion 2024, now integrated), Insilico Medicine (generative biology + chemistry), Schrödinger (physics-based ML), Relay Therapeutics, and pharma AI groups (Roche, Novartis, AstraZeneca).","NVIDIA (compute infrastructure, BioHive-2), genomic biobank providers, clinical CROs for late-stage validation, EHR data aggregators for patient data integration, and academic perturbation biology labs generating ground-truth datasets.",Perturbation biology data generation,"Drug development programs, clinical trials",Advanced technical stack; clinical translation remains the bottleneck — large-scale perturbation response does not automatically translate to clinical programs.,very-high,"$950M+ deployed to build 2.2M samples/week robotics, 36 petabytes of proprietary data, and BioHive-2 supercomputer; this cannot be replicated without equivalent capital and time.",moonshot,No approved drug yet; industrialised perturbation biology has not proven it raises clinical success rates above the historical 10% baseline.,"Recursion acquired Exscientia in 2024, adding generative chemistry and AI-designed small molecule capability to the phenomics platform. Valence Labs is the research and foundation-model arm (not a separate company) publishing open-science AI tools (TxPert, GFlowNets, ET-Flow) to build scientific credibility and attract ML talent. The combined entity is the most vertically integrated AI drug discovery company that is publicly traded, making it a useful public market benchmark for the sector."
Relation Therapeutics,relationrx.com,2019,seed,86,target validation,"Uses human tissue, single-cell, spatial, perturbational biology, and ML to validate drug targets in human disease.",Targets often fail clinically because preclinical models do not reflect human disease biology.,"Animal models, cell lines, literature review, genetic association studies, pharma translational biology teams.",partnerships,pharma | biotech,high,high,long,medium,200000,Drug R&D spend on target identification and validation is ~$200B globally. Relation's argument: most failures originate in poor target choice based on non-human data. High-resolution human tissue-derived targets command premium deal economics from pharma (relationrx.com/science).,"Started with osteoporosis as the anchor disease, building Osteomics — the world's largest functional single-cell bone atlas — from patient-derived samples across UK and Australian hospitals. This proprietary atlas created a defensible dataset that no pharma could quickly replicate, making Relation credible as a target discovery partner before any drug entered the clinic.","Started with osteoporosis as the anchor disease, building Osteomics — the world's largest functional single-cell bone atlas — from patient-derived samples across UK and Australian hospitals. This proprietary atlas created a defensible dataset that no pharma could quickly replicate, making Relation credible as a target discovery partner before any drug entered the clinic.",core-moat,proprietary | generated-in-house | partner-supplied,data | wet-lab | IP | model,,"patient tissue samples (bone, immune, connective) | single-cell transcriptomics | spatial transcriptomics | human genetics / GWAS data | perturbational omics screens",predict,validated drug targets | patient subgroup signatures | novel therapeutic programs | disease atlases (e.g. Osteomics bone atlas),"Lab-in-the-Loop: patient tissue profiled with single-cell and spatial transcriptomics, followed by perturbational experiments to test causal gene roles, with ML (including generative models, graph neural networks, LLMs) across every step for target identification and prioritisation. Hyperscale compute via NVIDIA partnership.","Novartis deal ($55M upfront + up to $1.7B milestones, announced Dec 2025, atopic diseases). GSK collaboration (Dec 2024, fibrotic diseases and osteoarthritis). Deerfield Management partnership (Jan 2026, forming new companies from discovered targets). Additional $26M investment round (Dec 2025).","Recursion Pharmaceuticals (phenotypic screening + ML), Exscientia (AI drug design), Aria Pharmaceuticals, insitro (ML + functional genomics), BioMap (large-scale biology AI). Internal pharma translational biology and genomics teams at AZ, GSK, Novartis, Pfizer.","Genome sequencing providers (Illumina, Oxford Nanopore). Spatial transcriptomics platforms (10x Genomics Visium, Vizgen). CROs for downstream validation. Clinical trial biomarker companies.","Genetic association studies, disease biology research, patient tissue collection, sequencing infrastructure","Drug development programs, IND-enabling studies, clinical trials",Does not run its own clinical programs (though Deerfield deal creates spinouts). Validation stops at target + translational model level; clinical proof of target engagement or efficacy requires pharma partner execution. No disclosed revenue from commercialised drugs yet.,high,"Osteomics bone atlas required years of hospital access, tissue collection, and single-cell processing across UK and Australian hospitals — not replicable quickly by pharma internal teams.",hard,Human tissue-derived targets still fail in clinical trials at high rates; platform validation does not guarantee the drug succeeds.,"Rebranded website from relationtx.com to relationrx.com. HQ: Regent's Place, London. ~130 employees as of 2026. NVIDIA compute partnership for ML infrastructure. Primary disease focus: osteoporosis, immunology, metabolic disease."
Biofourmis,biofourmis.com,2015,series-d-plus,465,digital biomarkers,Collects continuous wearable and remote monitoring data to generate digital biomarker endpoints for clinical trials and real-world care.,Infrequent clinical assessments miss continuous physiological changes; trial endpoints rely on episodic snapshots.,"Clinic visits, patient-reported outcomes, standard vital sign monitoring, manual adverse event reporting.",hybrid,pharma | provider | payer,high,high,long,heavy,20000,"No explicit TAM figure stated on their website. Operational claims: 100K+ patients served, 4M+ data points per post-acute care patient per day, 70+ remote dynamic care pathways. They cite 70% reduction in 30-day readmissions and 38% cost reduction in care delivery programs. The $20B TAM reflects the combined digital health remote monitoring and clinical trial eCOA/digital endpoint market. (Source: biofourmis.com, biofourmis.com/news)","Biofourmis entered via remote patient monitoring (RPM) for heart failure — their first product was the Everion+ biosensor (upper arm wearable) paired with their BioVitals analytics engine generating personalized baselines and early decompensation alerts. They obtained FDA 510(k) clearance for AI-powered RPM software for heart failure monitoring. The clinical trial (life sciences) business was a parallel arm built on the same sensor + analytics infrastructure, sold as Biofourmis Connect. In January 2025, they divested the life sciences business to ActiGraph to focus on care delivery.","Biofourmis entered via remote patient monitoring (RPM) for heart failure — their first product was the Everion+ biosensor (upper arm wearable) paired with their BioVitals analytics engine generating personalized baselines and early decompensation alerts. They obtained FDA 510(k) clearance for AI-powered RPM software for heart failure monitoring. The clinical trial (life sciences) business was a parallel arm built on the same sensor + analytics infrastructure, sold as Biofourmis Connect. In January 2025, they divested the life sciences business to ActiGraph to focus on care delivery.",important-enabler,customer-generated | generated-in-house,regulatory-trust | clinical-evidence | IP,,"continuous wearable biosensor streams (PPG, ECG, accelerometry, temperature, SpO2) | EHR clinical records | patient-reported outcomes",monitor,FDA-cleared digital biomarker endpoints | real-time clinical deterioration alerts | personalized physiological baselines | remote monitoring dashboards for clinical staff,Continuous wearable sensor data collection + regulatory-grade digital endpoint generation.,FDA 510(k) clearance for AI-powered remote monitoring software (heart failure decompensation). 50+ health system partnerships. 21 proprietary FDA-cleared AI algorithms. Published study in Scientific Reports (2021) on wearable biosensors and ML-based remote monitoring. ActiGraph acquisition of Biofourmis Connect life sciences business (January 2025) validated the clinical trial digital endpoint asset. CopilotIQ merger (October 2024) to build end-to-end AI-driven in-home care platform.,"Koneksa ($70M raised, same wearable endpoints space)","Wearable device manufacturers (Everion+, Apple Watch, Garmin) upstream for sensor hardware. EHR vendors for care pathway integration. CROs and pharma sponsors who use digital endpoints in trials (now served via ActiGraph post-acquisition). Home health agencies and hospital-at-home programs as deployment partners.",Wearable device data streams,"Clinical trial data analysis, regulatory submissions, care management decisions","Collects wearable signal; does not do latent biological state inference from that signal or connect to outcomes at a patient cohort level. Life sciences / clinical trial business was divested to ActiGraph (Jan 2025), so the pharma-facing digital endpoint moat is no longer part of Biofourmis. Current focus is care delivery (hospital-at-home, chronic care) rather than clinical trial endpoints.",high,FDA 510(k) clearance for 21 proprietary AI algorithms and 50+ health system partnerships create regulatory and distribution moat; life sciences business divested to ActiGraph (Jan 2025).,hard,Proving continuous physiological monitoring reduces readmissions durably enough to justify payer reimbursement across a diverse population at scale.,"Merging with CopilotIQ (chronic care management for elderly). Potential partner: they collect; we infer. Note that the life sciences business (Biofourmis Connect) was sold to ActiGraph in January 2025 — the current company is primarily a care delivery platform, not a clinical trial endpoints vendor."
