id,idea,technology_platform_ids,substrate_tags,new_capability,target_user,buyer,first_use_case,business_model,technology_readiness_level,translational_gap,why_now,prior_work,closest_companies,differentiation,unfair_advantage_needed,validation_plan,three_month_mvp,technical_risk,regulatory_risk,commercial_risk,founder_fit,cambridge_route_fit,ef_route_fit,overall_score,notes,last_verified
idea-ai-microfluidic-control,"Closed-loop software using computer vision and real-time sensors to adjust flow-rate ratios, pressure, and temperature inside microfluidic chips for reproducible LNP or organ-on-chip runs.",microfluidic-lnp-manufacturing | organ-on-chip,B.5 | D.2,Hold LNP particle size and encapsulation (or organ-chip conditions) on target automatically by adjusting process parameters in real time.,Process-development and manufacturing scientists running microfluidic LNP or organ-on-chip systems.,biotech | cdmo | cro,Keep LNP size distribution and encapsulation efficiency within spec across a scaled or extended microfluidic run without manual re-tuning.,saas | device_consumables,4,"Requires real-time in-line sensing of particle size or encapsulation and integration with heterogeneous pump and chip hardware, which is fragmented across vendors.","Microfluidics is now the gold standard for LNP production, and 2021 to 2025 work showed ML plus computer vision can optimize and control droplet and microfluidic processes in real time.",arXiv 2021 ML and computer vision to rapidly optimize multiscale droplet generation. | bioRxiv 2017 closed-loop feedback control via automated capacitive fluid-height sensing. | Micronit and BOC Sciences microfluidic LNP process control (flow-rate ratios 1:1 to 1:20).,Precision NanoSystems (Cytiva) | Micronit | Emulate,"A hardware-agnostic control layer that sits on top of existing microfluidic rigs rather than a bundled instrument, closing the loop with vision and in-line sensing.",Systems and control engineering plus access to instrumented microfluidic rigs to train and validate the controller.,Introduce a deliberate perturbation (flow or temperature drift) on a microfluidic LNP run and show the controller restores size and encapsulation to spec faster than manual tuning.,"On a benchtop microfluidic rig, demonstrate a vision or sensor feedback loop that holds a measurable output (droplet size or LNP proxy) on target under induced disturbances.","Reliable in-line measurement of the controlled variable (size, encapsulation) is the hard part and may lag the control loop.",Medium; GMP manufacturing control software must meet process-validation and data-integrity requirements for clinical material.,"Instrument vendors (Cytiva Precision NanoSystems) may bundle equivalent control, and buyers may prefer a validated turnkey instrument over a third-party layer.",plausible,strong,plausible,6.0,"The one hardware-adjacent idea; strong engineering wedge and clear reproducibility pain, but needs rig access and faces vendor bundling. Cambridge engineering route fits well.",2026-07-06
idea-codon-optimisation-llm,"Treat mRNA design as an NLP task, optimizing UTRs and open reading frames to maximize protein expression while minimizing innate-immune activation.",ai-lnp-design | protein-design-diffusion-models,C.1 | C.2,"Generate full mRNA sequences (5' UTR, ORF, 3' UTR) jointly optimized for high expression and low immunogenicity rather than codon-optimizing in isolation.",mRNA therapeutic and vaccine design teams.,pharma | biotech,Redesign a therapeutic mRNA construct to raise protein output and stability over a standard codon-optimized baseline.,saas | platform_partnership,4,"Sequence-to-expression labels are proprietary and assay-specific, and immunogenicity is hard to predict in silico, so a general model needs large paired expression datasets to beat existing codon tables.","2024 to 2025 transformer models (Raina GEMORNA, codonGPT) showed learned mRNA design beats rule-based codon optimization on measured expression and stability.","Raina Biosciences GEMORNA, transformer generative model for mRNA CDS and UTRs, published in Science. | codonGPT (Nucleic Acids Research 2025), reinforcement learning on a generative LM for scalable mRNA design. | Deep-learning integrated 5' UTR, ORF, 3' UTR optimization pipeline (Briefings in Bioinformatics 2023).",Raina Biosciences | Atomic AI | Nutcracker Therapeutics,"Jointly optimize the whole transcript for expression and low innate-immune activation, not just codon usage, and ground it in a proprietary expression dataset.",A large paired sequence-to-expression dataset (ideally with immunogenicity readouts) that public tables and models lack.,"Design constructs for a reporter protein, predict expression ranking, and validate against measured expression in a cell assay via a CRO.",Benchmark a sequence-to-expression model on published synonymous-variant datasets and show it out-ranks standard codon-optimization tools on held-out expression.,"In-silico expression and immunogenicity predictions may not transfer across cell types, delivery vehicles, and species.",Low as a design tool; sits upstream of standard therapeutic regulatory pathways.,"Crowded and fast-moving, with well-funded incumbents (Raina, Atomic AI) and pharma in-housing the capability.",plausible,plausible,plausible,6.0,"Real and proven capability but the most crowded of the five; a standalone win needs a proprietary expression-plus-immunogenicity dataset, not just a better architecture.",2026-07-06
idea-event-driven-biochemical-patch,"Battery-free biochemical patch that stays dormant and wakes to sense only when biology creates the event, using motion or sweat flow as both trigger and power.",triboelectric-nanogenerators | electrochemical-aptamer-biosensing,D.1 | D.3,"Zero-idle-power biochemical sensing where the physiological event itself powers and gates the measurement, giving effectively unlimited standby life.","Chronic-condition patients needing sparse but reliable biochemical readings without a charging routine, and athletes tracking sweat chemistry episodically.",consumer | provider,"Event-gated sweat lactate or electrolyte capture during exertion, logged only when meaningful flow occurs.",device_consumables | monitoring_subscription,3,"Coupling a triboelectric harvest transient to a stable, calibrated electrochemical aptamer readout, and cold-start energy budgeting so the first event produces a valid measurement.","Self-powered triboelectric chemical and biological sensing matured, and aptamer sensors now support continuous readout, making an event-driven power-and-sense architecture feasible.","2024 npj Biosensing review on solid-liquid triboelectric nanogenerators for self-powered chemical and biological sensing. | Electrochemical aptamer biosensors demonstrated continuous in-vivo molecular tracking, establishing the readout chemistry.","Epicore Biosystems, Nutromics, Eccrine Systems (defunct), Abbott Lingo","The event both powers and triggers the sensor, eliminating idle drain and duty-cycling logic that battery-based patches spend energy on.","Systems depth across energy harvesting, low-power analog front ends, and aptamer surface chemistry, an unusual combination one founder rarely owns.",Show that a single sweat-flow or motion event harvests enough charge to drive one calibrated aptamer measurement and log it.,"Prototype a harvest-to-sense loop on the bench: trigger a TENG transient, capture the charge, run one electrochemical readout, and characterize the energy-per-measurement and cold-start behavior.",The energy from a single biological event may be too small or too variable to power a reliable calibrated electrochemical measurement.,Wellness framing is light-touch; any diagnostic or drug-level claim triggers FDA oversight.,"Sparse event-gated data may not meet clinical or consumer expectations for continuous trends, limiting willingness to pay.",plausible,plausible,weak,4,Architecturally elegant but early; the harvest-to-calibrated-readout coupling is the whole risk and is unproven at product level.,2026-07-06
idea-lnp-digital-twin,Simulation software modelling how LNPs interact with blood proteins (ApoE adsorption) and cell membranes to optimize uptake before wet-lab mixing.,ai-lnp-design | microfluidic-lnp-manufacturing,C.2 | C.1 | B.5,Predict protein-corona composition and cellular uptake for a candidate LNP from first principles before it is ever synthesized.,Delivery and biophysics scientists optimizing LNP uptake and tissue targeting.,pharma | biotech,Screen candidate formulations for favorable ApoE corona and predicted uptake before committing to a synthesis and screening run.,saas | platform_partnership,3,"Corona-to-uptake links are still being mapped mechanistically, and full atomistic simulation is too slow to screen libraries without validated coarse-grained or ML surrogates.","2025 work reframed corona formation as lipoprotein fusion rather than surface adsorption and quantified ApoE-driven uptake, giving simulations a correct mechanism to model.",Nature Communications 2025 (s41467-025-63726-2) protein corona compromises mRNA delivery efficiency. | bioRxiv 2025 corona forms via lipoprotein fusion rather than shell-like adsorption. | Molecular dynamics studies showing ApoE corona raises cellular uptake roughly five-fold.,Mana.bio | Schrodinger | Cyclica,"Model the biological interface (corona formation and membrane fusion) rather than only the particle's own physicochemistry, which is where most current LNP ML stops.",Coupled biophysics-plus-ML expertise and a validation dataset linking simulated corona to measured uptake.,Simulate corona and predicted uptake for LNPs with known experimental uptake and test rank correlation against measurements.,"Build a coarse-grained or ML-surrogate corona model, run it on formulations with published uptake data, and report correlation between predicted and measured uptake.",Corona formation mechanism is unsettled and simulation may not capture in-vivo protein dynamics well enough to rank formulations.,Low; a research design tool with no direct regulatory pathway.,"Buyers may treat simulation as directional only and keep relying on wet-lab screens, capping willingness to pay.",plausible,strong,plausible,5.5,Deep-tech and Cambridge-flavored (biophysics plus MD); highest scientific risk of the LNP set but a genuine differentiator if the corona-to-uptake link holds.,2026-07-06
idea-lnp-formulation-design,"ML over chemical libraries that predicts which novel ionizable lipids and formulation ratios selectively target lungs, brain, or tumors, replacing trial-and-error chemistry.",ai-lnp-design,C.1 | C.2 | B.5,Predict organ-selective LNP performance from lipid structure and formulation ratio before any wet-lab synthesis.,LNP and mRNA delivery scientists at pharma and biotech running formulation screens.,pharma | biotech,Rank candidate ionizable lipids for lung-selective mRNA delivery ahead of a synthesis campaign.,platform_partnership | platform_to_pipeline_hybrid,4,"Public structure-to-delivery datasets are sparse and lab-specific, so a model needs proprietary paired screening data to generalize across chemistries.",High-throughput barcoded LNP screening plus 2024 to 2025 Nature Biotechnology work on AI-designed pulmonary LNPs proved structure-to-organ prediction is learnable.,"Mana.bio programmable AI platform, 120 design cycles, 4300+ formulations, 45000+ experimental data points. | Nature Biotechnology 2024 (s41587-024-02490-y) AI-guided LNP design for pulmonary gene therapy. | Nature Reviews Materials 2025 review of high-throughput ML-guided LNP design platforms.",Mana.bio | Aganitha AI | Nutcracker Therapeutics,Own a paired structure-formulation-to-organ dataset spanning multiple ionizable lipid families rather than modeling a single sponsor's chemistry.,"Access to a high-throughput barcoded in-vivo screening loop, or an exclusive data partnership with a group that already runs one.","Retrospectively predict organ tropism on a held-out published SORT or barcoded LNP dataset, then prospectively rank a small synthesized panel.","Assemble published LNP screening datasets, train a structure-plus-ratio to tropism model, and report held-out ranking accuracy against a known lung-versus-liver split.",Models may overfit to a single lab's assay conditions and fail to transfer across chemistries and species.,Low as a design tool; downstream therapeutic products carry full IND burden but that sits with the buyer.,"Well-capitalized incumbents (Mana.bio) already hold proprietary iterative screening data, narrowing the data moat window.",plausible,plausible,plausible,6.5,"Strongest as a data-generating platform, not a pure software layer; the moat is the in-vivo loop, not the model.",2026-07-06
idea-microneedle-qdot-delivery-tracker,Microneedle patch that delivers a drug or vaccine and simultaneously leaves an invisible near-infrared quantum-dot tag encoding the health record under the skin.,quantum-dot-sensing | microneedle-isf-sensing,D.2 | D.3,"An on-patient, offline, machine-readable medical record co-delivered with the therapy itself, invisible to the eye and readable by a near-infrared camera.",Immunization programs and health systems in low-infrastructure settings where paper and digital records fail.,provider | payer,Encoding vaccination history intradermally at the moment of delivery in settings with no reliable record-keeping.,device_consumables | platform_partnership,4,"Human safety and persistence of near-infrared quantum dots in the dermis, regulatory acceptance of an implanted marker, and reader-camera accessibility at point of care.","The MIT quantum-dot microneedle record was demonstrated in animal models with patterns readable months after delivery and co-delivery of antigen producing protective immunity, and global health funders back offline record infrastructure.","2019 MIT/Harvard Science Translational Medicine study: near-infrared quantum dots delivered by microneedle patches recorded vaccination, readable 9 months later in rats, Gates-funded. | MIT News described the device as an on-patient medical record co-delivered with vaccine.","Vaxess Technologies, Micron Biomedical (microneedle delivery); no commercial quantum-dot record product yet","The record travels with the dose and needs no connectivity or paper, uniquely solving record-keeping where infrastructure is absent.","Quantum-dot biocompatibility and dermal-persistence data, microneedle manufacturing, and access to a global-health deployment partner and IP position.","Reproduce a readable near-infrared quantum-dot pattern in a skin model after microneedle co-delivery, and assess signal persistence and reader robustness.","Build a microneedle patch that co-delivers a model payload plus a near-infrared quantum-dot pattern into ex-vivo or synthetic skin, then demonstrate camera readout, pattern fidelity, and early persistence over weeks.","Quantum-dot dermal persistence, readout reliability through skin, and pattern integrity over time are only shown in animals.","An implanted quantum-dot marker faces a heavy and novel safety-and-ethics regulatory burden, plus public-acceptance concerns.",Privacy and consent perceptions around under-skin tagging could block adoption regardless of technical success.,weak,plausible,weak,3,"Technically striking and IP-anchored, but the regulatory, safety, and public-acceptance load make it a poor fit for a solo EF founder; more a global-health institutional play.",2026-07-06
idea-mof-mxene-invisible-analytes,MOF/MXene/hydrogel capture patches that preconcentrate previously undetectable sweat and interstitial-fluid analytes into a measurable range,mof-hydrogels | mxene-2d-materials,D.1 | D.2 | A.1,"On-body preconcentration of low-abundance biomarkers (cortisol, hormones, cytokines) so wearable sensors can read analytes previously below their detection limit",Wearable diagnostics companies and sensor developers blocked by low analyte concentrations in sweat and ISF,consumer | biotech | provider,A patch layer that concentrates sweat cortisol before an electrochemical or optical sensor reads it,device_consumables | platform_partnership | ip_licensing,3,"MOF/MXene sorbents and thermoresponsive hydrogels each work in the lab, but a validated, reproducible on-body module that concentrates a real analyte and releases it quantitatively to a sensor does not exist as a product","2025 work shows superhydrophilic hydrogel-enhanced conductive MOF wearable sweat sensors with anti-biofouling and thermoresponsive hydrogels that absorb then release sweat on demand, the two ingredients of a preconcentration module","Superhydrophilic hydrogel-enhanced conductive MOF wearable sweat sensor, anti-lipid biofouling (2025) | Thermoresponsive PNIPAM hydrogel programmed sweat capture-and-release wearables (2023-2025) | MOF/MIP wearable cortisol sensors (Cu-BTC MOF, 2024)",Epicore Biosystems | Nutromics | Nix Biosensors | Xsensio,"Sells the enabling capture/preconcentration layer that unlocks analytes competitors cannot reach, positioned as a component upstream of the sensor",A porous-materials chemist (MOF/MXene) plus a wearables/fluidics partner and one lighthouse analyte with clear demand,Demonstrate that a MOF/MXene hydrogel layer concentrates a spiked low-abundance analyte by a measured fold-factor and releases it quantitatively into a downstream sensor,"A benchtop capture module showing measured enrichment fold-factor for one target analyte (for example cortisol) in artificial sweat, plus a quantitative release step feeding a commercial sensor, versus a no-capture baseline","Selective capture plus quantitative, reproducible release on-body is hard; MXene oxidation and biofouling can degrade the sorbent",As a component/consumable it inherits the host device's class; standalone risk is moderate,Depends on wearable-sensor partners adopting an extra layer; must prove it unlocks a biomarker with real willingness to pay,plausible,strong,plausible,6,"Attractive because it is a picks-and-shovels component that makes many wearables possible, not another head-to-head sensor.",2026-07-06
idea-molecular-recorder-inflammation,Engineered gut bacteria carrying DNA molecular recorders that log environmental triggers over time inside the gut for chronic inflammatory disease,molecular-recording,D.2 | A.1,"A living, ingestible recorder that writes a time-ordered log of gut exposures (inflammation, metabolites, diet) into bacterial DNA, read out later by sequencing","Gastroenterologists and researchers studying Crohn's disease and ulcerative colitis, and IBD drug developers",biotech | pharma | academic_lab,A research-grade ingestible recorder that reconstructs the sequence of inflammatory triggers preceding an IBD flare,research_tools | data_licensing | platform_partnership,2,"DNA recorders and inflammation-sensing gut bacteria exist separately in mouse studies; combining durable temporal recording with in-vivo trigger sensing, safe engineered strains, and reliable readout in the human gut is unproven","DNA Typewriter and ENGRAM matured into general multi-event, temporally resolved molecular recorders (Nature Protocols 2025-2026), and programmable commensal bacteria that sense gut inflammation were demonstrated, so the record and sense halves now both exist","Shendure Lab DNA Typewriter, sequential prime-editing temporal recorder (Nature 2022; protocol 2024-2026) | ENGRAM multichannel genomic recording (Nature Protocols 2025) | Programmable commensal bacteria sensing long-term gut inflammation (Mimee/Lu lineage)",Synlogic | Novome Biotechnologies | Persephone Biosciences,"Records the temporal history of triggers rather than giving a single-timepoint snapshot, capturing what happened before a flare",A synthetic-biology PhD with gut-microbe engineering and prime-editing/recorder expertise plus an IBD clinical collaborator,Show an engineered strain writes a time-ordered DNA record of a defined inducer in the mouse gut and that the log is recoverable by sequencing after transit,"A benchtop demonstration that an engineered strain couples an inflammation-linked signal to a DNA-recorder write event in vitro, with a sequencing readout that recovers the order of two stimuli, plus a strain-safety and containment plan","Durable, high-fidelity temporal recording coupled to specific in-vivo trigger sensing, surviving gut transit and readout, is deeply unproven",A live engineered organism in the human gut is a high-bar biologic/GMO path even for research use,"Long science timeline; near-term value is a research/drug-development tool, not a marketed diagnostic",weak,plausible,weak,4,"Very early research bet. Frame as an IBD-mechanism research tool and pharma data play, not a clinical product.",2026-07-06
idea-mxene-bioprinting,"MXene-loaded conductive, self-healing hydrogels for bioprinting functional tissue scaffolds and electronic tissue interfaces",mxene-2d-materials | self-healing-polymers,D.4 | D.3,"Printable, conductive, self-healing bio-inks that make electrically active tissue scaffolds and soft bioelectronic interfaces in one material","Tissue-engineering labs, bioelectronics researchers, and cardiac/neural regenerative-medicine groups",academic_lab | biotech | provider,A conductive MXene hydrogel scaffold for cardiac or neural tissue that both supports cells and couples electrical signals,research_tools | device_consumables | ip_licensing,3,"Conductive MXene bio-inks are shown in lab prints, but MXene oxidation, cytocompatibility over time, and vascularisation of thick printed constructs remain unsolved, and there is no standard, shelf-stable commercial ink","MXene conductive and self-healing hydrogel composites matured rapidly through 2024-2025, and MXene-doxorubicin supramolecular hydrogels plus superhydrophilic MXene-hydrogel wearable substrates show the material class is printable and bio-integrable",MXene supramolecular / self-healing hydrogel composites (2024-2025) | Superhydrophilic hydrogel-enhanced conductive MOF/MXene wearable substrates (2025) | Conductive hydrogel scaffolds for cardiac tissue engineering (multiple 2024-2025),CELLINK (BICO) | Allevi | Advanced Solutions | Aspect Biosystems,"A single ink that is conductive, self-healing, and printable, versus separate structural and conductive components glued together","A materials chemist who can formulate a stable, cytocompatible, printable MXene ink plus a tissue-engineering collaborator with a target tissue","Print a conductive MXene hydrogel scaffold, show cell viability over 1-2 weeks and measured through-scaffold conductivity, versus a non-conductive control","A reproducible, sterilisable MXene bio-ink with characterised printability, conductivity, and 7-to-14-day cytocompatibility, plus an accelerated-oxidation stability read on shelf life",MXene oxidation degrades conductivity and may raise cytotoxicity; maintaining both over the scaffold's functional lifetime is unproven,Research-tool sales are light-touch; any implantable tissue construct is a long combination-product path,"Bioprinting is a small, slow-growing tools market; a conductive-ink niche must find real recurring demand",plausible,plausible,plausible,5,"Cleanest wedge is selling a validated conductive bio-ink as a research consumable, deferring the implant story.",2026-07-06
idea-mxene-mediator-free-biosensing,"Mediator-free electrochemical biosensors that use MXene conductivity and surface area to shuttle electrons directly, removing the redox mediator",mxene-2d-materials,D.2 | D.1,"Direct enzyme-to-electrode electron transfer on a MXene surface, eliminating diffusible mediators that degrade, drift, and leach",Point-of-care diagnostics developers and wearable biosensor companies,biotech | provider | consumer,A mediator-free glucose or lactate strip/patch with better stability and lower cost of goods,device_consumables | research_tools | ip_licensing,4,"MXene mediator-free sensing works in academic devices, but Ti3C2 oxidises in air and water, limiting shelf life and reproducibility; no scaled, stable manufacturing route to a commercial sensor","2025 reviews consolidate MXene electrochemical biosensors (2020-2024) and confirm MXene acting as active interfacial sites mediating rapid electron transfer for enzymatic sensing, moving the field from single demos to design principles",Recent Advances in MXene-Based Electrochemical Sensors review (2025) | MXene-Based Electrochemical Biosensors 2020-2024 review (Biosensors 2025) | First Ti3C2 mediator-free biosensor for nitrite (2015),Abbott | Dexcom | Nova Biomedical | Zimmer & Peacock (sensor prototyping),"No redox mediator means fewer failure modes, longer shelf life, and simpler regulatory chemistry than mediated strips",A materials chemist who can make oxidation-stable MXene at reproducible quality plus a sensor-manufacturing partner,"Fabricate a mediator-free MXene enzymatic electrode and benchmark sensitivity, drift, and shelf life against a commercial mediated strip on the same analyte","A reproducible mediator-free MXene glucose/lactate electrode with a measured stability curve versus a commercial reference, plus an accelerated-aging test quantifying the oxidation problem and any mitigation",MXene atmospheric and aqueous oxidation degrades performance over time; solving stability at manufacturing scale is the core unsolved problem,"A glucose/lactate IVD is a known Class II path, moderate and well-trodden",Glucose sensing is a commodity with entrenched incumbents; the mediator-free advantage must translate to real cost or accuracy gains a buyer will pay for,plausible,plausible,plausible,5,"Academically crowded. The defensible wedge is oxidation-stable MXene manufacturing, not the sensing demo itself.",2026-07-06
idea-mxene-photothermal-therapy,"MXene-based photothermal cancer therapy, near-infrared-driven local tumour ablation using MXene as a high-efficiency light-to-heat converter",mxene-2d-materials,D.4,"Localised, image-guided thermal tumour ablation from a strongly NIR-absorbing 2D agent, optionally combined with drug release or immune activation","Oncologists treating solid tumours, initially in combination or salvage settings",provider | pharma | biotech,Minimally invasive photothermal ablation of an accessible solid tumour combined with checkpoint activation,owned_pipeline | ip_licensing | platform_partnership,3,"Efficacy shown only in mouse tumour models; no data on MXene biodistribution, long-term clearance, or toxicity in humans, and NIR penetration limits reach to shallow or endoscopically accessible tumours","A 2025 wave of papers shows MXene photothermal agents with high conversion efficiency and, importantly, MXene mild-PTT synergising with STING activation and cancer vaccines post-cryoablation, moving beyond pure heating toward immuno-oncology combinations","MXene mild-PTT synergises STING activation for post-cryoablation cancer vaccines (2025) | MgB2-Ti3C2Tx@PEG nanoprodrug, 31% photothermal conversion at 808 nm (ACS AMI 2025) | MXene-doxorubicin supramolecular hydrogels for NIR synergistic therapy (2025)",Nanobiotix | Nanospectra Biosciences (AuroLase) | Coordination Pharmaceuticals,"MXene offers higher photothermal conversion and surface tunability than gold nanoshells, plus a natural route to drug-loading and immune-agonist co-delivery","A nanomedicine chemist plus preclinical oncology capability and a clear IP position on biocompatible, clearable MXene formulations","Reproduce tumour regression in a syngeneic mouse model with a defined MXene formulation, then generate first biodistribution and clearance data, the gating question for any clinical path","A GMP-plausible MXene formulation with measured NIR conversion efficiency and in-vitro tumour-cell ablation, plus a literature-grounded biodistribution/clearance risk assessment and target-indication selection favouring accessible tumours","NIR light penetrates only shallow tissue, and MXene long-term clearance and toxicity in vivo are unresolved","A therapeutic nanomaterial faces a long, expensive IND-to-clinic path with heavy CMC and toxicology demands","Photothermal ablation competes with mature surgery, RFA, and radiotherapy; prior nanoparticle-ablation companies have struggled commercially",weak,plausible,weak,4,"Long capital and regulatory horizon. The interesting angle is PTT-plus-immune-activation, not ablation alone.",2026-07-06
idea-printable-mxene-tattoo,"Printable MXene biosensor tattoos for continuous, multi-analyte sweat monitoring, applied like a temporary tattoo and read continuously.",mxene-2d-materials,D.1 | D.2,"A skin-conformal, printed, multi-analyte sweat sensor with the high surface area and conductivity of MXene, at temporary-tattoo form factor and cost.","Athletes and chronic-condition patients wanting low-cost, disposable, continuous sweat chemistry.",consumer | provider,"Continuous multi-analyte sweat panel (glucose, lactate, electrolytes) from a printed tattoo during exercise or daily wear.",device_consumables | diagnostic_per_test,4,"Oxidative stability of MXenes in biofluids over wear time, and a scalable route to manufacture functionalized MXene inks with reproducible performance.","MXene electrochemical sweat sensors for glucose, cortisol, and other analytes were demonstrated in 2023-2024, and printed epidermal tattoo platforms are established, making a printable MXene tattoo a near-term integration.",2023 Pt/MXene flexible non-enzymatic sensor for continuous sweat glucose (ACS AMI). | 2023 MDPI review of MXene electrochemical biosensors for sweat analysis; L-Cys/MXene/AuNPs cortisol sweat sensor.,"Epicore Biosystems, GraphWear, Nix Biosensors, Xsensio","MXene's high surface area and conductivity give higher sensitivity and multiplexing in a printed, disposable tattoo, versus carbon or enzyme-only tattoo sensors.","A defensible MXene ink formulation and stabilization process, plus printing manufacturability, likely materials-science IP grounded in a lab.",Show a printed MXene tattoo maintaining calibrated multi-analyte readout in artificial and human sweat over a target wear window without oxidative signal loss.,"Formulate a functionalized MXene ink, print a two-analyte tattoo sensor, and characterize sensitivity, cross-talk, and, critically, oxidative signal drift in sweat over 8-24 hours.","MXenes oxidize in aqueous biofluids, degrading signal over wear time; stabilization without losing sensitivity is unproven at product scale.",Wellness framing is light; clinical multi-analyte diagnostic claims move into IVD/FDA territory.,Sweat-sensing wearables have struggled to prove clinical value and reliable sampling; a better material does not by itself create demand.,plausible,strong,plausible,5,"The oxidative-stability and ink-manufacturing problems are the whole game; solving them defensibly is a genuine materials moat, but the sweat-sensing market's value question remains open.",2026-07-06
idea-qdot-cgm-hormone,"Quantum-dot bead immunoassay for continuous hormone monitoring, a CGM-style readout of insulin and glucagon in blood",quantum-dot-sensing,D.3 | D.1 | D.2,"Minute-by-minute quantification of protein hormones (insulin, glucagon, C-peptide) in whole blood, not just glucose","People with type 1 diabetes and closed-loop pump users, plus endocrinology researchers",consumer | provider | pharma,Real-time insulin and glucagon tracking to close the loop on an artificial pancreas,device_consumables | monitoring_subscription | research_tools,4,"Quantum-dot bead immunoassays are validated in rat glucose-tolerance tests and ex-vivo perfusion, not yet miniaturised into an implantable or wearable continuous form factor or run in humans","Poudineh Lab (Waterloo) published a bead-based quantum-dot microfluidic immunoassay giving real-time multiplexed insulin and glucagon in whole blood at picomolar sensitivity (Advanced Science, 2025)","Poudineh Lab QIRT-ELISA / bead quantum-dot immunoassay, real-time insulin+glucagon in whole blood (Adv Sci 2025) | Zwitterionic antibody-protecting microneedle patch for continuous insulin (Nat Biomed Eng 2025)",Abbott (Libre) | Dexcom | Biolinq | Nutromics,"Measures the hormones themselves rather than glucose, the actual control variables of the artificial pancreas",License or co-develop the Poudineh quantum-dot assay and pair it with a fluidics/wearable engineer who can shrink it to a body-worn cartridge,"Reproduce picomolar multiplexed insulin/glucagon detection in banked human plasma, then show stability of the bead assay over a 3-to-7 day wear window","Benchtop cartridge running the quantum-dot bead assay on spiked human plasma, demonstrating multiplexed insulin+glucagon quantification and cross-reactivity data versus a lab ELISA reference","Continuous protein-hormone sensing degrades from biofouling and reagent depletion, unlike small-molecule glucose sensing","A hormone CGM is a Class II/III device requiring clinical accuracy studies, a multi-year FDA/CE path",Glucose CGM incumbents are entrenched and may add hormone sensing themselves; willingness to pay beyond T1D closed-loop is unproven,plausible,strong,plausible,6,See tradeoff discussion in Notes below.,2026-07-06
idea-reconfigurable-topological-biosensor,A software-reconfigurable diagnostic chip pairing topological photonics with phase-change materials so one chip rewires its optical paths to hunt different pathogens,topological-photonics,D.2,"One physical biosensor chip that reprograms its resonances in software to detect many different targets, rather than a fixed single-analyte chip","Diagnostics labs, point-of-care developers, and biodefence/surveillance groups",provider | academic_lab | biotech,A reconfigurable photonic panel that switches between respiratory pathogen signatures without changing the chip,device_consumables | diagnostic_per_test | ip_licensing,2,"On-chip non-volatile reconfigurable topological photonics was demonstrated in 2025 as a physics result; nothing bridges it to functionalised biosensing surfaces, sample handling, or a validated assay","On-chip non-volatile reconfigurable phase-change topological photonics was shown in 2025 (Advanced Materials), and topological photonic-crystal sensors were reviewed as an emerging class the same year",On-Chip Non-Volatile Reconfigurable Phase Change Topological Photonics (Adv Mater 2025) | Topological Photonic Crystal Sensors review (Sensors 2025) | Phase-change photonic-crystal biosensors for cell/pathogen detection (2025),Genalyte | Maverick / photonic biosensor startups | Lightpath / integrated-photonics foundries,"Topological edge states resist fabrication disorder, giving robust resonances; phase-change reconfigurability lets one chip serve many assays",A topological-photonics/integrated-photonics researcher with foundry access plus a surface-biochemistry collaborator,"Functionalise a reconfigurable topological resonator with one capture probe and show a measurable, reproducible shift on binding a single analyte, then show a second state detects a second analyte on the same chip","A simulation-plus-fabricated single-device demo: a topological photonic resonator whose resonance is switched between two states via phase-change tuning, with a biosensing sensitivity estimate and a defined functionalisation protocol","Whether topological robustness translates into real biosensing sensitivity gains, and whether phase-change switching survives an aqueous biological environment, is unproven","An IVD diagnostic requires analytical and clinical validation, a multi-year path, though lighter than a therapeutic","Existing silicon-photonic and ring-resonator biosensors already work; reconfigurability must clear a real customer bottleneck, not just add novelty",weak,strong,weak,4,"Uncommercialised. Strongest as a deeptech/IP spinout; needs a concrete ""why reconfigurable beats a cheap disposable chip"" answer.",2026-07-06
idea-refrigeration-free-diagnostic-strip,Freeze-dried cell-free reaction strips that compute a diagnostic result at the point of need with no cold chain and no instruments.,cell-free-synthetic-biology,D.2,"Programmable molecular diagnostics that ship and store at room temperature and activate with a drop of sample, decoupling molecular testing from the cold chain and the lab.","Field clinics, low-infrastructure health programs, and decentralized testing settings without refrigeration or lab equipment.",provider | payer | biotech,"Room-temperature paper strip detecting a pathogen nucleic acid or biomarker with a visual readout, activated by rehydration.",diagnostic_per_test | platform_partnership,5,"Sensitivity and specificity matching lab molecular assays, shelf-life and reactivation reliability in the field, and a manufacturing route for consistent freeze-dried reactions.","Freeze-dried, paper-based cell-free sensors (toehold switches) detected viral RNA at low cost without instruments, and decentralized diagnostics demand is durable post-pandemic.",Freeze-dried paper-based toehold-switch sensors detected Zika virus RNA within hours without complex instrumentation. | Perspective work established lyophilization as the route to room-temperature cell-free diagnostics.,"Sherlock Biosciences, Mammoth Biosciences, SwiftDx, Stemloop","Programmable, instrument-free, cold-chain-free molecular result on a cheap strip, versus lab PCR or refrigerated antigen tests.","Cell-free reaction engineering and lyophilization know-how to hit clinical sensitivity with reliable shelf-life, plus a regulatory and distribution partner.",Show a freeze-dried strip detecting a target nucleic acid at clinically relevant concentration with a clear readout after realistic storage.,"Build a freeze-dried cell-free strip for one target, run a limit-of-detection and specificity panel, and test performance after accelerated room-temperature storage to prove shelf-stability.","Field sensitivity/specificity of cell-free strips often lags amplification-based lab assays, and reactivation reliability after storage is variable.","A diagnostic claim requires IVD/FDA (or CE-IVDR) clearance, a heavy and slow pathway.",Reimbursement and procurement for decentralized molecular tests are fragmented; a technically working strip may still struggle to find a paying channel.,plausible,strong,plausible,6,"The most translationally mature idea in this set with a clear real-world need; the wedge is a specific target where cold-chain-free instrument-free testing is decisive, not a general platform pitch.",2026-07-06
idea-self-powered-isf-microneedle-patch,"Self-powered microneedle patch that samples interstitial fluid for lower-power continuous monitoring of glucose, lactate, electrolytes, drug levels, and inflammatory markers.",triboelectric-nanogenerators | microneedle-isf-sensing | electrochemical-aptamer-biosensing,D.3 | D.2,"Minimally invasive, battery-light continuous access to a panel of interstitial-fluid analytes, powered partly by harvested body energy.","Remote heart-failure and endocrine patients needing continuous multi-analyte trends, and their care teams.",provider | payer | pharma,"Remote heart-failure or endocrine monitoring, continuous trending of electrolytes, drug levels, and inflammatory markers.",device_consumables | monitoring_subscription,4,"Aptamer/enzyme sensor stability inside ISF over multi-day wear, reliable microneedle ISF access, and closing the harvested-energy budget for a multi-analyte front end.","Microneedle ISF sensing and continuous aptamer readout both matured, and remote-monitoring reimbursement now funds continuous multi-analyte trends beyond glucose.","Microneedle ISF electrochemical sensing platforms demonstrated continuous glucose, lactate, and drug-level tracking. | Continuous electrochemical aptamer sensors demonstrated in-vivo molecular tracking of drugs and metabolites.","Nutromics, Biolinq, PKvitality, Abbott (Lingo/Libre)","Multi-analyte ISF panel beyond glucose, with a self-powered architecture that reduces battery size and charging versus continuous glucose incumbents.","Integration depth across microneedle fabrication, aptamer sensor chemistry, and energy harvesting, plus a clinical partner for the heart-failure or endocrine use case.","Show stable, calibrated continuous readout of one non-glucose analyte (e.g. an electrolyte or a drug level) from ISF over 24-72 hours in a benchtop or ex-vivo skin model.","Prototype a microneedle patch with one aptamer/enzyme channel beyond glucose, run it in an ISF-mimicking skin phantom over multi-day duration, and characterize drift, calibration, and the achievable energy contribution from harvesting.","Sensor drift and biofouling in ISF over multi-day wear, plus uncertain harvest energy for a multi-analyte front end.","Continuous clinical monitoring of drug levels and electrolytes is a Class II/III FDA pathway, heavy and slow.",Continuous glucose incumbents are entrenched and well-funded; differentiation must come from the non-glucose panel and clinical evidence.,plausible,strong,plausible,5,"Best positioned around a specific non-glucose clinical use case (heart failure, endocrine); competing head-on with CGM incumbents is a losing frame.",2026-07-06
idea-sort-code-cracker,Algorithms to automate optimization of Selective Organ Targeting (SORT) multi-component lipid systems for extrahepatic delivery.,ai-lnp-design,C.1 | C.2 | B.5,Search the five-component SORT design space to propose SORT-molecule identity and ratio that hit a chosen extrahepatic organ.,"mRNA delivery teams targeting lung, spleen, or tumor rather than liver.",pharma | biotech,Recommend SORT-molecule class and molar fraction to shift an existing four-component LNP toward lung delivery.,platform_partnership | ip_licensing,3,"The SORT design space is combinatorially large and mechanism-linked to protein corona, and public five-component datasets are thin, so optimization needs an active-learning loop into real screens.","SORT is now framed as endogenous protein-corona programming rather than empirical screening, giving an algorithm a structured objective to optimize against.",PNAS 2021 mechanism of tissue-specific mRNA delivery by SORT nanoparticles. | ScienceDirect 2023 quaternary ammonium lipid structure and protein corona control lung delivery. | ScienceDirect 2025 phospholipid contributions in SORT LNPs.,ReCode Therapeutics | Mana.bio | Nutcracker Therapeutics,"Focus narrowly on the SORT-molecule optimization sub-problem (the fifth component) rather than whole-formulation modeling, where the mechanistic corona link is clearest.","An active-learning tie-in to a lab running SORT screens, plus mechanistic grounding in corona programming.",Predict the SORT-molecule fraction that maximizes lung delivery for a known lipid system and compare to the published titration curve.,"Digitize published SORT titration and organ-tropism data, fit a model of SORT fraction to organ selectivity, and reproduce a known lung-targeting optimum out-of-sample.","SORT behavior depends on the full formulation and species, so a component-level optimizer may not transfer across base lipids.",Low as a design tool; therapeutic products carry standard IND burden on the buyer.,"SORT IP is concentrated (ReCode and UTSW licensing), which may limit a standalone tool's freedom to operate and buyer set.",plausible,plausible,weak,5.0,Narrowest of the LNP set; strong mechanistic story but a small buyer universe and concentrated IP make it better as a feature than a company.,2026-07-06
idea-spatial-omics-companion-dx,Turn 3D spatial multi-omics of the tumour microenvironment into a routine companion diagnostic for immunotherapy response,spatial-omics,D.2 | A.1,"A standardised, clinically deployable 3D spatial map of the tumour immune microenvironment that predicts checkpoint-inhibitor response better than PD-L1 IHC",Oncologists and pathology labs deciding which patients get immunotherapy,provider | pharma | payer,A companion diagnostic that stratifies checkpoint-inhibitor responders from a single tumour section using spatial immune architecture,diagnostic_per_test | data_licensing | platform_partnership,4,"Spatial multi-omics is a research and drug-discovery tool; it lacks the assay standardisation, turnaround, cost, and prospective clinical validation to be a routine reimbursed companion diagnostic","3D spatial platforms scaled and capitalised in 2024-2025 (Stellaromics raised an $80M Series B in Feb 2025 for the Pyxa 3D platform; 10x Genomics Xenium expanded), and spatial biology is being adopted across oncology drug discovery, closing the gap to clinical use","Stellaromics Pyxa 3D spatial multi-omics platform (STARmap/RIBOmap), $80M Series B Feb 2025 | 10x Genomics Xenium and Visium spatial platforms | Tumour-microenvironment spatial signatures predicting immunotherapy response (multiple 2024-2025)",Stellaromics | 10x Genomics | NanoString / Bruker (CosMx) | Owkin,"Focuses on a validated, reimbursable clinical decision (immunotherapy stratification) rather than selling spatial instruments to research labs","A spatial-biology plus computational-pathology team, access to annotated trial cohorts with outcomes, and a CLIA/assay-development path","Show a spatial immune-architecture signature predicts checkpoint-inhibitor response on a retrospective annotated cohort, beating PD-L1 IHC on AUC","A retrospective analysis on public or partnered spatial datasets deriving a tumour-microenvironment signature that stratifies immunotherapy responders, with a head-to-head AUC versus PD-L1 IHC and a defined path to a CLIA assay","Spatial assays are costly and variable; distilling a robust, reproducible predictive signature that survives cross-platform and cross-site variation is hard","A companion diagnostic requires prospective clinical validation and FDA CDx clearance, a multi-year, capital-heavy path",Well-funded incumbents own the instruments; reimbursement for a premium spatial CDx over cheap PD-L1 IHC is unproven,plausible,plausible,plausible,5,"The wedge is the assay/software and clinical evidence layer on top of existing spatial instruments, not building a new instrument.",2026-07-06
idea-teng-aptamer-transducer,"Surface-functionalized triboelectric nanogenerator where analyte binding on an aptamer or enzyme layer shifts surface potential, giving a direct self-powered biochemical readout with no separate potentiostat.",triboelectric-nanogenerators | electrochemical-aptamer-biosensing,D.1 | D.2,"A biosensor where the recognition event itself modulates the device's own generated signal, collapsing sensing and power into one surface.",Wearable and point-of-need developers wanting a battery-free biochemical channel without dedicated readout electronics.,biotech | provider,Self-powered continuous glucose or lactate trend from an aptamer/enzyme-functionalized triboelectric surface.,device_consumables | ip_licensing,3,"Making analyte-induced surface-potential shifts large, specific, and stable enough to separate binding signal from the dominant contact-electrification signal in real biofluids.","Enzyme-modified triboelectric glucose sensors were demonstrated experimentally, and self-powered chemical sensing reviews now map the transduction physics, making a direct binding-to-potential readout testable.",2024 brush-based triboelectric nanogenerator modified with glucose oxidase and polyaniline detected glucose (ScienceDirect / SSRN). | Earlier work built triboelectric nanogenerators inside clothes for self-powered glucose biosensing.,Academic groups (Wang lab lineage); no dominant commercial player on direct TENG-transduction biosensing,"Sensing and power share one functionalized surface, removing the potentiostat and battery that electrochemical aptamer sensors normally require.","Deep surface-chemistry and triboelectric-physics expertise to engineer a specific, calibratable binding-to-potential transfer function, likely a lab-grounded founder.","Show a monotonic, specific shift in triboelectric output as analyte concentration varies, distinguishable from mechanical and ionic-strength confounds.","Functionalize a TENG surface with an enzyme or aptamer, run a concentration series in buffer and then artificial sweat, and characterize the dose-response, specificity, and drift of the self-generated signal.","The binding-induced potential change may be swamped by contact-electrification and ionic-strength effects, giving poor specificity and calibration.",Diagnostic claims trigger FDA/IVD pathways; a research-tool or component framing stays light.,"If accuracy lags conventional electrochemical aptamer readout, the battery-free benefit will not justify adoption.",plausible,strong,weak,5,"Scientifically the most novel of the TENG set and IP-rich, but the transduction specificity is a hard, lab-heavy question better suited to a Cambridge-route deep-tech founder.",2026-07-06
idea-teng-cardiorespiratory-patch,Battery-free textile chest patch that harvests breathing motion and pulse to output heart rate and respiratory rate with no battery or charging.,triboelectric-nanogenerators,D.1 | D.3,"A disposable, self-powered patch that reads two vital signs from mechanical body motion alone, with zero charging burden.","Post-discharge cardiac and respiratory patients, plus endurance athletes wanting a stick-and-forget vitals patch.",consumer | provider,Multi-day respiratory-rate and heart-rate trending after hospital discharge without a wearable to charge.,device_consumables | monitoring_subscription,4,Motion artifact rejection and signal stability across body types and adhesion over multi-day wear; converting raw triboelectric pulse waveforms into clinical-grade rates.,"Textile triboelectric pulse sensors hit high-fidelity radial-artery waveforms with fatigue resistance over tens of thousands of cycles, and remote-monitoring reimbursement now pays for continuous vitals.",2023 self-powered textile triboelectric pulse sensor read radial-artery waveforms with strong linearity and fatigue resistance over tens of thousands of cycles. | ACS Nano triboelectric body-sensor network demonstrated self-powered heart-rate monitoring.,"VivaLNK, Vital Connect (VitalPatch), Current Health, GE-backed patch monitors","Battery-free and disposable at the textile layer, removing charging and shrinking cost versus every incumbent adhesive patch that carries a coin cell.","Materials and signal-processing depth to turn noisy triboelectric motion into validated vital signs, plus a manufacturing route for cheap functional textile electrodes.","Bench-test a textile patch on a pulse simulator and 5 volunteers, comparing derived HR and RR against an FDA-cleared reference monitor.","Build one triboelectric patch prototype, collect HR and RR on 5-10 people against a reference device, and quantify agreement (Bland-Altman) plus adhesion drift over 48 hours.","Triboelectric output is motion-coupled, so separating cardiorespiratory signal from body movement to clinical accuracy is unproven at product scale.",A vitals-monitoring claim needs FDA clearance (likely 510(k)); a wellness-only launch avoids this but caps value.,The adhesive-patch monitoring space is crowded with funded incumbents; battery-free alone may not move a provider buyer.,plausible,plausible,plausible,5,Strongest as a battery-free disposable wedge; weak if positioned as a generic vitals patch against VitalPatch-class incumbents.,2026-07-06
idea-teng-mof-preconcentrator,Battery-free patch that uses triboelectric power to drive MOF and MXene capture surfaces that trap and preconcentrate low-abundance molecules before sensing them.,triboelectric-nanogenerators | mof-hydrogels | mxene-2d-materials,D.1 | D.2,"On-skin preconcentration of scarce biomarkers so that molecules below a normal wearable's detection floor become measurable, all without a battery.","Developers targeting low-abundance sweat and interstitial markers (cortisol, cytokines, hormones) that current wearables cannot reach.",biotech | provider | pharma,Concentrating and reading a low-abundance stress or inflammation marker (e.g. cortisol) from sweat that is otherwise below detection.,device_consumables | platform_partnership,3,"Controlled capture-then-release timing on-body, avoiding MOF/MXene fouling and oxidation in biofluid, and powering the concentration step from harvested energy.","MOF and rGO wearable sensors demonstrated detection of low-concentration sweat biomarkers in 2024, and preconcentration is now named as the route to the low-abundance floor, while triboelectric harvesting can supply the drive energy.",2024 CuNi-MOF@rGO wearable electrochemical sensor detected low-concentration uric acid and dopamine in sweat (ScienceDirect). | Reviews name microfluidic preconcentration as the key to detecting low-abundance sweat biomarkers.,"Epicore Biosystems, Nutromics, Xsensio (Lab-on-Skin)","Combines a capture-and-concentrate front end with battery-free operation, pushing the detectable-concentration floor down where flat electrochemical patches plateau.","Materials expertise in MOF/MXene functionalization and stability plus microfluidic and harvesting integration, a multi-disciplinary lab base.",Show measurable enrichment factor: capture a spiked low-abundance analyte on the MOF/MXene surface and demonstrate a higher effective sensor reading than direct detection.,"On the bench, quantify the enrichment factor of a MOF or MXene surface for one low-abundance analyte in artificial sweat, and estimate whether triboelectric harvest can supply the capture/release energy budget.","MOF/MXene surfaces foul and oxidize in biofluid, and controlled on-body capture-then-release timing is unproven.",Diagnostic-grade quantitation of clinical markers triggers IVD/FDA pathways.,Added complexity and cost of a preconcentration layer may exceed the value of reaching low-abundance markers for early buyers.,plausible,strong,weak,4,"Compelling if the enrichment factor is large and stable; three coupled hard materials/systems problems make it a deep-tech, lab-anchored bet rather than a fast EF build.",2026-07-06
idea-teng-smart-garment,"Athletic garment where fabric friction harvests macro body movement and sweat flow powers local chemistry sensors, giving a self-powered training and biochemistry wearable.",triboelectric-nanogenerators,D.1,"A garment that generates its own power from movement and sweat, running motion and biochemical sensing with no battery or charging routine.",Endurance and team-sport athletes and their coaches wanting continuous movement and sweat metrics in normal kit.,consumer | employer,Battery-free training garment logging movement load and sweat-flow-powered electrolyte or lactate readings during exercise.,device_consumables | consumer_subscription,4,"Durable, launderable textile triboelectric electrodes, calibration of motion signals into meaningful training metrics, and enough harvested energy to run the sensing and radio.","Textile triboelectric energy harvesting from body motion and self-powered garment glucose sensing were both demonstrated, and the connected-fitness apparel market is established.",Core-sheath fiber triboelectric nanogenerators demonstrated energy harvesting and self-powered motion sensing (ACS Omega 2023). | Triboelectric nanogenerators built inside clothes demonstrated self-powered glucose biosensing.,"Nadi X, Sensoria, Hexoskin, Athos (smart apparel)","Battery-free, launderable garment-native harvesting, removing the charging and rigid-module friction that has stalled prior smart-apparel products.",Textile engineering and manufacturing depth for durable functional fabrics plus a sports or apparel distribution partner.,Demonstrate a launderable garment section that harvests enough energy from running motion to power one sensor readout and transmit it.,"Build a triboelectric garment swatch, quantify harvested energy across running and cycling motion, run one sensing-plus-transmit cycle on that energy, and test durability across wash cycles.",Textile triboelectric electrodes may not survive laundering and repeated flex while still harvesting enough energy to be useful.,Consumer wellness framing keeps regulatory burden light.,Smart apparel has a graveyard of failed products; battery-free may not be enough to overcome durability and value-perception issues.,plausible,plausible,plausible,4,"Consumer smart-apparel is a hard, littered market; the battery-free durable-textile angle is the only credible wedge and depends on manufacturing more than science.",2026-07-06
idea-thz-metasurface-bmi,"Reconfigurable terahertz metasurfaces as a wireless, wire-free brain-machine interface that couples to neural tissue via light and radio frequencies",terahertz-metasurfaces | metamaterials-metasurfaces,D.4 | D.3,"Pixel-wise, software-reconfigurable electromagnetic control of neural stimulation without penetrating electrode arrays","Neurotech researchers and, long-term, patients needing neural stimulation (paralysis, epilepsy, sensory prosthetics)",academic_lab | provider | pharma,A metasurface-assisted implant patch that shapes stimulation fields for a retinal or cortical interface,research_tools | ip_licensing | platform_partnership,2,"Reconfigurable THz/metasurface bioelectronics exist only as benchtop physics demos and reviews; no in-vivo neural interface, no biocompatible implantable device, no safety data for THz coupling to tissue","2025 reviews (Light: Science & Applications; Research) describe metasurface-assisted bioelectronics with FPGA-controlled reconfigurable patches for retinal, cochlear, and cortical implants, framing a research agenda that did not exist two years ago",Metasurface-assisted bioelectronics: bridging photonic innovation with biomedical implants (Light Sci Appl 2025) | Topological and Reconfigurable Terahertz Metadevices (Research 2025) | Reconfigurable phase-change-material THz metadevices (Adv Mater Technol 2025),Neuralink | Precision Neuroscience | Science Corp,"Non-penetrating, software-reconfigurable field shaping instead of fixed microelectrode geometry",A metamaterials/THz photonics PhD plus a neurophysiology collaborator and access to implant-grade fabrication,"Show a reconfigurable metasurface modulating a measurable electromagnetic field pattern at biologically safe power, then couple it to an in-vitro neuron culture and record evoked activity","Simulation plus a benchtop reconfigurable metasurface prototype demonstrating dynamic beam/field steering in the relevant frequency band, with a tissue-safety power budget and a defined in-vitro neural coupling experiment","THz penetration into tissue is shallow and lossy; whether reconfigurable metasurfaces can deliver useful, spatially precise neural modulation in vivo is unproven","An active implantable neural stimulator is the highest device class, a decade-plus path with novel THz-safety questions and no precedent",No market until basic feasibility is shown; timelines far exceed a normal venture horizon,weak,strong,weak,3,"Moonshot. Best as a Cambridge/deeptech IP play or grant-funded spinout, not an EF-timeline company.",2026-07-06
