id,name,substrate_family,substrate_tags,enabled_by,mechanism,new_capability,what_it_could_unlock,use_cases,technology_readiness_level,evidence_level,translational_gap,what_needs_to_happen,closest_companies,closest_labs,commercialisation_status,regulatory_complexity,capex_intensity,defensibility,notes,last_verified
ai-lnp-design,AI for mRNA / LNP design,C,C.1 | C.2,"Machine-learning models trained on large, systematically generated LNP screening datasets and mRNA expression data, coupled to high-throughput formulation and in-vivo readouts","ML models learn structure-property relationships across chemical libraries to predict ionizable-lipid performance, endosomal escape, and tissue tropism, and to optimise mRNA UTRs and codons, then generative and evolutionary methods propose new candidates","Replaces trial-and-error formulation chemistry with in-silico design of novel ionizable lipids and expression-optimised mRNA, aimed directly at extrahepatic targeting","Cell- and tissue-selective LNPs (SORT-style) and high-expression mRNA designed computationally rather than screened, breaking the liver-targeting default",Novel ionizable lipid discovery | Extrahepatic / cell-selective LNP targeting | mRNA UTR and codon optimisation for expression | Toxicity and developability prediction for formulations,5,in_vivo_animal,"Training data is proprietary and expensive to generate, predictions still need wet-lab confirmation, and no AI-designed LNP has reached the clinic; models generalise poorly across cell types and species","Larger shared datasets, better in-vitro-to-in-vivo and cross-species translation, and a clinical candidate whose lipid or mRNA came from an AI pipeline",Mana.bio | Aganitha AI | Atomic AI | InstaDeep (BioNTech) | Kerna Health | Raina Biosciences,Daniel Anderson Lab (MIT) | James Dahlman Lab (Georgia Tech),pilot_deployment,medium,medium,medium,"Mana.bio runs a Learn-Design-Make-Generate loop, reporting >45,000 experimental data points across 4,300+ formulations and evolutionary lipid design; published AI-designed LNPs for pulmonary gene therapy (Nat Biotechnol 2024). InstaDeep acquired by BioNTech. Value depends on proprietary screening data, hence medium defensibility.",2026-07-06
ai-medical-imaging,AI medical imaging,C,C.3 | D.2,"Deep learning on large labelled image corpora (CT, MRI, X-ray, whole-slide pathology, retinal fundus), digital slide scanners, and cloud GPU training plus a maturing FDA 510(k) pathway for imaging software","Convolutional and transformer networks learn to detect, quantify, and triage findings directly from medical images, flagging critical cases and producing quantitative measurements that a clinician reviews","Automated triage and quantification across radiology and pathology at scale, moving from single-task detectors toward multi-condition imaging foundation models","Routine screening and triage where every scan is pre-read by a model, surfacing critical findings first and freeing scarce radiologist and pathologist time","Emergency CT triage for stroke, pulmonary embolism, and intracranial haemorrhage | Digital-pathology primary diagnosis and biomarker prediction from H&E slides | Screening reads for mammography, retinal disease, and lung nodules | Full-body preventive imaging interpretation",8,regulatory_cleared,"Models trained at one site or on one scanner often degrade elsewhere, so generalisation and continuous monitoring remain hard; reimbursement is patchy and workflow integration into PACS/EHR plus clinician trust gate adoption more than raw accuracy","Robust cross-scanner generalisation, prospective multi-site validation, clear reimbursement codes, and tight PACS/EHR workflow integration; pathology also needs broad slide digitisation",Aidoc | Paige | PathAI | Forus Health | Neko Health,Faisal Mahmood Lab (Harvard/BWH) | Center for Clinical Data Science (Mass General Brigham) | Andrew Ng / Stanford ML Group (radiology AI),commercial_scaled,high,medium,medium,"TRL 8 overall. Many single-task detectors are FDA-cleared and marketed (TRL 9); multi-condition imaging foundation models (Aidoc CARE, 11 newly cleared indications, Jan 2026) and digital pathology (Paige acquired by Tempus Aug 2025; PathAI AISight Dx cleared Jun 2025) are newer. Full-body preventive scan players (Neko) sit earlier on evidence.",2026-07-07
ai-trial-operations,AI for clinical trial operations,B,B.4,"NLP over unstructured clinical notes, LLMs for document generation, and marketplaces or networks that connect sponsors to sites and patients","AI reads clinical records and trial protocols to match patients, select sites, drive recruitment, and automate regulatory and safety documents",automate the operational bottlenecks of running a trial: finding the right patients and sites and producing the paperwork,"trials that recruit faster and cost less by removing manual matching, feasibility, and document work",patient identification and pre-screening for enrolment | site selection and trial feasibility forecasting | recruitment and decentralised or direct-to-patient enrolment | regulatory submission and pharmacovigilance document drafting,8,real_world_proven,"the tools are deployed in real trials, but value depends on EHR access, data quality, and slow site and sponsor workflow adoption, and regulated document generation still needs human sign-off","broader EHR interoperability, proof of enrolment and cost gains at scale, and validated human-in-the-loop autonomy for regulated documents",Deep 6 AI | Inato | Lindus Health | Paradigm | Lokavant | ArisGlobal | Yseop,academic clinical-informatics and trial-methodology groups,commercial_scaled,medium,low,medium,"Deep 6 AI and Inato lead matching and site marketplaces; Lindus Health (raised $55M Series B, Jan 2025) runs an AI-native CRO model; ArisGlobal and Yseop focus on safety and regulatory document automation. Value is real but gated by EHR access and workflow adoption.",2026-07-07
biohybrid-microbots,Biohybrid xenobots / microbots,E,E.1,"AI evolutionary design that searches for cell-cluster morphologies with a target behaviour, combined with the ability to assemble living cells (frog skin/muscle, or human tissue) into free-moving self-organising constructs","A simulator plus evolutionary algorithm proposes a body shape; researchers sculpt living cells into that shape, and the resulting construct moves via cilia beating or muscle contraction and can perform simple tasks","Programmable multicellular machines designed in silico and built from living cells, moving and acting without motors, batteries, or foreign materials the body would reject","Non-invasive internal tissue repair, targeted drug delivery, and debris or plaque clearance by biocompatible constructs that the immune system does not attack","Targeted, non-invasive internal tissue repair | Arterial plaque or debris clearance | Immune-tolerated drug delivery from the patient's own cells | Environmental sensing and microplastic collection | Basic-science probes of morphogenesis and collective cell behaviour",3,in_vitro,"Everything demonstrated in a dish or embryo context; no control system for steering constructs in a living body, no dosing/clearance/safety framework, short lifespan, and no path to manufacture at scale or from patient-matched human cells","Closed-loop control and steering in vivo, human-cell (anthrobot) constructs with defined lifespan and clearance, and a regulatory and safety model for a self-organising living therapeutic",(early / mostly pre-company; no scaled commercial player),"Michael Levin Lab (Tufts / Allen Discovery Center) | Josh Bongard Lab (University of Vermont) | Wyss Institute (Douglas Blackiston, Harvard) | Bradley Nelson Lab (ETH Zurich, microrobotics) | Metin Sitti Lab (Max Planck, biohybrid microrobots)",research_only,very-high,high,high,"Xenobots were first built from Xenopus frog cells (2020) and shown to self-replicate kinematically (2021); 2023-2025 work extended to human-cell ""anthrobots"" and to constructs actuated by cilia or muscle. Medical use remains speculative and lab-bound.",2026-07-06
biology-foundation-models,Biology foundation models,C,C.1 | C.4,"transformer architectures trained on internet-scale sequence and multi-omic data, plus the compute to train them","a single large model learns the statistics of protein, DNA, RNA, or cell state and can be prompted or fine-tuned for many downstream tasks","one pretrained model that predicts structure, function, and design across biology instead of one bespoke model per task","a general-purpose reasoning layer for biology that new sensors, therapeutics, and diagnostics all build on",target discovery and variant effect prediction | protein and antibody design priors | virtual cell and perturbation modelling,5,in_vitro,"models are fluent on public sequence data but weak on causal, in-vivo, and clinical prediction, and validation still requires the wet lab","proprietary experimental data flywheels and benchmarks that measure real design or prediction success, not just held-out perplexity",EvolutionaryScale | Basecamp Research | Recursion | insitro,academic protein language model and single-cell foundation model groups,pilot_deployment,low,high,high,"Distinct from protein-design-diffusion-models: this is the general pretrained substrate (sequence and cell state), while diffusion models are the generative design layer that often sits on top of it.",2026-07-07
biosimulation-qsp,Biosimulation and quantitative systems pharmacology,C,C.3,"mechanistic ODE models of physiology and pharmacology, coupled to virtual patient populations and, increasingly, ML surrogates trained on trial and RWD","physiology-based and systems-pharmacology models simulate how a drug moves, acts, and produces outcomes in virtual patients before or alongside a real trial","simulate drug exposure, response, and trial outcomes in silico to shrink, augment, or de-risk real clinical trials","a modelling layer that lets a sponsor test dose, endpoint, and population choices computationally before committing patients and capital",dose and regimen selection before first-in-human | drug-drug-interaction and special-population predictions for labels | trial digital twins and prognostic control arms to cut sample size | in-silico trials for ultra-rare diseases with too few patients,7,clinical_validated,"PBPK is regulatory-mature but QSP and trial digital twins are trusted mostly as supporting evidence, not as replacements for pivotal data, and each new disease needs its own calibrated model",clearer regulatory frameworks for synthetic controls plus mechanistic-plus-ML hybrids that generalise beyond well-characterised drugs,Certara | VeriSIM Life | QuantHealth | Unlearn | FireQSP,academic systems-pharmacology and pharmacometrics groups,commercial_early,high,medium,high,"Certara Simcyp PBPK is the mature, regulator-accepted end (TRL 8); Unlearn digital twins and QuantHealth or VeriSIM in-silico trials sit earlier and lean on ML. FDA model-informed drug development guidance is the main tailwind.",2026-07-07
cell-free-synthetic-biology,Cell-free synthetic biology,E,E.1 | D.2,"Lyophilisation (freeze-drying) of cell extracts and purified transcription-translation machinery onto paper or fabric, keeping genetic circuits active without live cells or a cold chain","Genetic sensor-actuator circuits run in a tube-free extract, so a target molecule triggers transcription-translation that produces a colour, fluorescence, or logic output","Programmable biochemical logic (""if A and B then signal"") executed outside any living cell, freeze-dried and rehydrated at the point of need",Refrigeration-free diagnostic strips and wearable biosensors that compute on the body without instruments or lab infrastructure,Point-of-care pathogen and toxin tests that combine multiple sensor inputs | Refrigeration-free field diagnostics for low-resource settings | Wearable biocomputing tattoos and skin patches that report exposure or biomarker state | Environmental water-quality and contaminant monitoring strips | Low-cost education and biosensing kits,5,in_vitro,"Shelf stability across temperature and humidity, reliable multiplexing of many circuits on one strip, quantitation rather than yes/no readouts, and the absence of a regulatory standard for a computing diagnostic substrate","Demonstrated multi-month field stability, standardised manufacturing of freeze-dried reactions, and a regulatory pathway that treats programmable cell-free logic as a validated diagnostic class",Sherlock Biosciences (INSPECTR instrument-free platform) | LogicInk (colour-changing wearable biosensor tattoos) | Stemloop,James Collins Lab (MIT / Wyss Institute) | Keith Pardee Lab (University of Toronto) | Julius Lucks Lab (Northwestern),pilot_deployment,high,medium,medium,The freeze-dried paper diagnostic proof of concept dates to the 2014-2016 Zika/Ebola work from the Collins and Pardee labs; commercial translation is still narrow and single-analyte in practice.,2026-07-06
crispr-diagnostics,CRISPR diagnostics,D,D.2,"Programmable collateral cleavage of Cas12/Cas13 nucleases, plus graphene field-effect-transistor CRISPR sensors that read intact genomic DNA electronically without PCR amplification",A guide RNA directs a Cas nuclease to a target sequence; recognition either triggers collateral cleavage of a reporter (fluorescence or lateral-flow line) or shifts current on a CRISPR-functionalised transistor,"Nucleic-acid detection at high specificity in minutes at the point of care, with amplification-free electronic readout that can read unamplified genomic DNA","Home and clinic pathogen panels, antimicrobial-resistance genotyping, and cancer-mutation tests without a central molecular lab",Home and point-of-care infectious-disease panels | Antimicrobial-resistance gene detection to guide antibiotic choice | Cancer mutation and liquid-biopsy genotyping | Rapid outbreak and biosurveillance testing | Single-nucleotide-variant discrimination for genetic tests,7,regulatory_cleared,"Amplification-based formats risk contamination and struggle with quantitation, sample preparation is still manual, and amplification-free electronic formats have not matched the clinical sensitivity of PCR at scale","Integrated sample-to-answer cartridges, validated amplification-free sensitivity in clinical samples, and manufacturing that holds cost below existing rapid antigen and PCR tests",Sherlock Biosciences | Mammoth Biosciences | Cardea Bio (graphene-FET CRISPR-Chip) | Crepurpose / Nuclein,"Feng Zhang Lab (Broad Institute) | Jennifer Doudna Lab (UC Berkeley / IGI) | Kiana Aran Lab (Keck Graduate Institute, CRISPR-Chip)",commercial_early,high,medium,high,"SHERLOCK received an FDA EUA for SARS-CoV-2 in 2020, establishing the regulatory precedent; amplification-free electronic CRISPR (CRISPR-Chip / CRISPR-FET) is the frontier and remains earlier stage than the amplification-based lateral-flow formats.",2026-07-06
dna-archival-storage,DNA archival storage,D,B.6 | D.2,"enzymatic, template-independent DNA synthesis on semiconductor chips plus high-throughput sequencing, which together make writing and reading arbitrary digital data in DNA cheap and parallel enough to compete with tape for cold archives","digital bits are mapped to nucleotide sequences, written by chip-controlled enzymatic synthesis into pooled DNA strands, stored dry at room temperature, and later read back by sequencing with error-correcting codecs",petabyte-class digital archives at molecular density that survive for decades to centuries without power,"cold-data archives orders of magnitude denser and more durable than magnetic tape, plus the eventual ability to search and compute over data while it stays in DNA","high-density, decades-durable archival cold storage | power-free offline data preservation and disaster backup | tamper-evident provenance and long-term regulatory archives | in-pool search and compute over molecular archives",6,in_vitro,"write cost and write speed are still orders of magnitude off tape, random access into a pooled archive is immature, and read latency plus error-correction overhead confine the technology to true cold data","faster, cheaper semiconductor-controlled enzymatic synthesis, robust random-access schemes, and standardised error-tolerant codecs that make write economics competitive for enterprise cold storage",Biomemory | Atlas Data Storage | Twist Bioscience | Catalog Technologies | DNA Script,Ceze and Strauss Molecular Information Systems Lab (University of Washington and Microsoft) | Church Lab (Harvard and Wyss Institute) | Grass Lab (ETH Zurich),pilot_deployment,low,high,high,"Split out from the old bundled dna-data-storage primitive to isolate the pure digital-storage mechanism from biological molecular recording. TRL 6 reflects commercial pilots: Biomemory ships dry-DNA cards rated for 50 to 150 years and acquired Catalog's enzymatic read/write assets in early 2026, while Atlas Data Storage (Twist spin-off) partnered with imec to scale chip-based synthesis toward terabyte-scale drives. Tags cross families: B.6 for the synthesis substrate, D.2 for the read side sharing sequencing hardware.",2026-07-07
electrochemical-aptamer-biosensing,Electrochemical Aptamer-Based Biosensing,D,D.1 | D.3,"SELEX-evolved DNA aptamers that fold on target binding, combined with redox reporters that convert that folding into a measurable electron-transfer change","A redox-tagged, surface-tethered aptamer changes conformation when it binds its target, altering electron transfer to the electrode and producing a reversible, real-time current shift","Reversible, reagent-free, continuous measurement of small molecules, drugs, hormones and proteins that have no natural enzyme, so no glucose-oxidase equivalent is required","A continuous glucose monitor equivalent for hundreds of analytes, closing the loop between drug dosing and real-time blood chemistry","continuous therapeutic drug monitoring (vancomycin, chemotherapy) | continuous hormone tracking (cortisol, progesterone, estradiol, testosterone) | sepsis and cytokine monitoring | sweat and saliva analyte sensing",5,human_pilot,"In-vivo biofouling and baseline drift degrade signal over hours to days; each aptamer needs its own calibration, and interstitial or sweat concentrations must be validated against blood before a reading is clinically actionable","Anti-fouling surface chemistry and drift-correction (reference channels, ratiometric or kinetic-differential measurement) that hold calibration for a wearable-length wear, plus regulatory-grade agreement studies versus blood assays",Level Zero Health | Nutromics | Adaptyx Biosciences | Xsensio,Kevin Plaxco lab (UC Santa Barbara) | Netzahualcoyotl Arroyo-Curras lab (Johns Hopkins) | Tod Kippin lab (UC Santa Barbara),pilot_deployment,high,medium,high,"The defining bet is that aptamers generalise to any target where enzymes do not exist; the recurring failure mode is drift, not recognition.",2026-07-06
engineered-cell-therapy,Engineered Cell Therapy,E,E.2,"Use of non-MHC-restricted effector cells (gamma-delta and other unconventional T cells) that kill without HLA matching, so a single healthy donor can supply an off-the-shelf allogeneic product without causing graft-versus-host disease","Donor-derived unconventional T cells recognise and kill tumour cells in an MHC-independent way, are engineered with a CAR or other targeting moiety, expanded, and banked as a ready-to-infuse allogeneic product","Off-the-shelf cell therapy that skips patient-specific manufacturing and HLA matching, and reaches solid tumours through the natural tissue-homing of gamma-delta T cells","Cell therapy that ships from inventory like a drug rather than being built per patient, extended from blood cancers into solid tumours",Off-the-shelf CAR gamma-delta T cell therapy for B-cell lymphoma | GPC3-targeted gamma-delta T cells for hepatocellular carcinoma and solid tumours | Allogeneic products that avoid patient-specific manufacturing bottlenecks | Externally controllable cell therapies with tunable on/off activity | Combination with checkpoint or cytokine support for solid-tumour penetration,5,human_pilot,"Allogeneic unconventional T cells often lack the in-vivo persistence of autologous products, so responses can be shallow or short; solid-tumour trafficking and the immunosuppressive microenvironment remain hard; and manufacturing a consistent, potent allogeneic product at scale is unsettled","Engineering that extends in-vivo persistence and expansion (armouring, cytokine support, resistance to host rejection), demonstrated solid-tumour infiltration and durable responses in trials, and a reproducible allogeneic manufacturing and potency-assay pipeline",Adicet Bio | TC BioPharm | Century Therapeutics,"Bruno Silva-Santos Lab (Instituto de Medicina Molecular, Lisbon) | Adrian Hayday Lab (King's College London / Crick) | Michael Wilson / gamma-delta immunology groups",regulatory_review,very-high,high,high,"Several biotechs are in clinical trials with off-the-shelf gamma-delta and unconventional T cell products, but none is approved as of mid-2026. Most gamma-delta programs remain in haematologic malignancies; solid-tumour programs (for example GPC3 CAR gamma-delta) are earlier. Status is regulatory_review because lead assets are in clinical development, not commercial.",2026-07-07
engineered-living-materials,Engineered Living Materials,E,E.1,"Synthetic-biology control of cells combined with materials science, so genetically programmed cells are embedded in a polymer, hydrogel, or mineral matrix and keep sensing, synthesising, and repairing while structurally integrated","Living cells engineered with genetic sensor-actuator circuits are held in a scaffold matrix, where they respond to stimuli by producing signals, materials, or therapeutics and can regrow or reseal damage","A structural material that is also alive, so it senses its environment, manufactures compounds in place, and self-heals rather than degrading like an inert material","Buildings, implants, and devices that grow, adapt, and repair themselves and manufacture drugs or chemicals continuously at the point of use",Self-healing living concrete and construction composites | Implanted living depots that synthesise therapeutics in place | Living biosensor coatings that report environmental contaminants | Programmable bioplastics grown with tunable material properties | Wound dressings that sense and respond to infection,3,in_vitro,Cells must stay alive and functional inside a matrix for months to years without contamination or genetic drift; biocontainment of live engineered organisms is unsolved at product scale; and no regulator has a pathway for a structural or implantable material that is a living GMO,"Robust encapsulation chemistry that keeps engineered cells viable and contained for the product lifetime, kill-switch biocontainment that satisfies environmental and clinical review, and a first regulatory precedent for a live-cell-resident material","mostly academic (no commercial pure-play) | BioMason (biocement, adjacent not live-cell resident) | Ecovative (mycelium materials, adjacent)",Neel Joshi Lab (Northeastern) | Wyss Institute (Harvard) | Chris Voigt Lab (MIT) | Wilfried Weber Lab (Saarland / INM),research_only,very-high,medium,high,"This primitive has extreme adjacency (construction, therapeutics, biosensing, packaging) but almost no products. The nearest commercial plays (BioMason biocement, Ecovative mycelium) use grown or fixed biological material rather than a matrix of living, genetically programmed cells that keep sensing and computing, so they are adjacent, not the pure primitive. TRL is honestly around 3.",2026-07-07
extracellular-vesicles,Extracellular Vesicles,E,E.5,"The discovery that cells naturally shed lipid nanovesicles carrying protein and RNA cargo, plus engineering methods to load, target, and produce them, so a biological nanocarrier can be repurposed for delivery and read as a diagnostic analyte","Cell-derived lipid-bilayer vesicles carry molecular cargo between cells; engineered EVs display targeting proteins and are loaded with a therapeutic, while circulating native EVs are captured and their cargo profiled as a biomarker","A natural, biocompatible nanocarrier that crosses barriers and evades clearance better than synthetic nanoparticles, and a rich circulating source of tissue-specific molecular signals for liquid biopsy","Targeted delivery of nucleic acids and proteins to tissues that synthetic nanoparticles miss, and non-invasive diagnostics that read the molecular state of a specific tissue from blood","Engineered exosomes delivering siRNA or mRNA to liver, muscle, or brain | ExoDx-style urine or blood exosome tests for prostate and other cancers | EV carriers for gene-editing payloads and protein therapeutics | Cell-free regenerative EV products from stem cells | Early-detection multi-cancer exosome RNA panels",5,human_pilot,"Loading therapeutic cargo into EVs reproducibly and at high efficiency is hard; targeting to the intended tissue is imperfect; manufacturing at GMP scale with a defined potency assay is unsettled for therapeutics; and for diagnostics, isolation is not standardised and tissue-specific signal is diluted in bulk plasma EVs","Robust, scalable cargo-loading and targeting engineering with a validated potency assay for therapeutics, and standardised isolation plus clinical validation and reimbursement for diagnostics",Evox Therapeutics | Mantra Bio | Bio-Techne (ExoDx diagnostics) | Codiak BioSciences (defunct; assets acquired by Evox),Matthew Wood Lab (University of Oxford) | Samir El Andaloussi Lab (Karolinska Institutet) | Raghu Kalluri Lab (MD Anderson),pilot_deployment,high,high,medium,"The field splits into two maturities. Diagnostics are the more advanced arm: Bio-Techne's ExoDx Prostate is a commercial exosome-RNA test, so that capability is around TRL 6. Therapeutic delivery is earlier, around TRL 5, with several biotechs in or approaching the clinic and none approved. Codiak BioSciences, an early leader, filed for bankruptcy in 2023 and its engEx assets were acquired by Evox, so it is marked defunct.",2026-07-07
flexible-epidermal-electronics,Flexible epidermal electronics,D,D.1 | D.3,"Ultrathin (micron-scale) silicon and gallium-arsenide nanomembranes patterned into serpentine ""wavy"" interconnects whose mechanics match skin, so rigid semiconductors can bend and stretch without cracking","Transferring device-grade silicon nanomembranes onto elastomeric substrates and routing them through serpentine traces lets high-performance electronics conform to skin like a temporary tattoo, capturing electrophysiology and biochemistry at the surface","Clinical-grade, continuous electrophysiology and sweat biochemistry from an imperceptible, conformal patch instead of a rigid, wired benchtop instrument","Long-term, ambulatory ECG/EEG/EMG and continuous biomarker monitoring outside the clinic, with signal quality approaching gel-electrode gold standards","continuous ambulatory ECG, EEG, and EMG patches | sweat-based electrolyte, lactate, and glucose monitoring | neonatal and hospital vital-sign monitoring without wires | post-surgical and remote-patient monitoring",8,clinical_validated,"Multi-day adhesion, motion and sweat artifacts, on-body power and wireless bandwidth, and manufacturing yield/cost of serpentine nanomembrane arrays remain the practical limits on scale","Durable skin-safe adhesives, artifact-robust signal processing, energy-efficient wireless/harvesting, and lower-cost high-yield fabrication of the stretchable interconnects",Epicore Biosystems | Medidata Solutions (MC10 / BioStamp nPoint) | Xenoma | VivaLNK | GraphWear,Rogers Research Group (Northwestern University) | Bao Group (Stanford University) | Dae-Hyeong Kim Lab (Seoul National University),commercial_early,medium,high,medium,MC10 was acquired by Medidata (Dassault Systemes) in 2020; BioStamp lineage now sits inside Medidata's Sensor Cloud. Epicore's Gx sweat patch (with Gatorade) is a shipped consumer-scale example.,2026-07-06
liquid-biopsy-multiomics,Liquid biopsy multiomics,A,A.1 | D.2,"Deep sequencing of circulating cell-free DNA/RNA plus methylation, fragmentomics, and protein signals from a blood draw, combined with ML classifiers trained on large case-control cohorts","A blood sample yields tumour-derived molecules (mutations, methylation patterns, fragment sizes, proteins) that a machine-learning classifier scores for presence of cancer, residual disease, or actionable alterations","Non-invasive, repeatable detection of cancer and residual disease from a tube of blood, integrating multiple molecular layers rather than a single mutation panel",Population-scale cancer screening and post-treatment monitoring that catches disease earlier and tracks recurrence without repeat tissue biopsy,Post-surgical minimal residual disease and recurrence monitoring | Multi-cancer early detection screening in asymptomatic adults | Therapy selection via circulating tumour DNA genotyping | Blood-based colorectal cancer screening,8,real_world_proven,"Detecting early-stage tumours means finding vanishingly rare tumour molecules against a large normal-DNA background, so sensitivity at low tumour fraction and specificity (false positives triggering costly workups) remain the core limits; screening use also needs prospective mortality-benefit evidence and reimbursement","Higher sensitivity at low tumour fraction, controlled false-positive rates, large prospective outcome trials proving mortality benefit, and payer coverage for screening indications",Guardant Health | Grail | Freenome | Natera | Exact Sciences,"Nickolas Papadopoulos / Bert Vogelstein Lab (Johns Hopkins) | Victor Velculescu Lab (Johns Hopkins, fragmentomics) | Maximilian Diehn / Ash Alizadeh Lab (Stanford, CAPP-Seq)",commercial_scaled,high,high,high,"TRL 8 overall. Therapy-selection ctDNA genotyping and MRD monitoring are marketed and increasingly reimbursed (Guardant, Natera); multi-cancer early detection screening is later-stage (Grail Galleri PATHFINDER 2 at ASCO 2026, over 35,000 participants; Freenome and Guardant blood-based CRC tests added to ACS guidelines). Lower-confidence layer is asymptomatic screening evidence.",2026-07-07
mechanophores,Mechanophores / mechanochromic polymers,D,D.3,"Force-sensitive molecular units (spiropyran, naphthopyran, dioxetane, rhodamine mechanophores) covalently built into a polymer backbone so that mechanical load triggers a specific bond-breaking or ring-opening reaction","When the polymer is stretched or damaged, force is funneled onto the embedded mechanophore, which opens a ring or cleaves a bond and changes color or emits light, turning invisible mechanical stress into a visible optical signal","A material that reports its own stress, strain, or damage optically, with no electronics, wiring, or power","Passive, battery-free strain and failure readouts printed directly into bandages, sutures, implant coatings, and tissue scaffolds",smart bandages that flag excessive wound tension | suture and closure strain indication | implant and prosthetic strain or micro-crack alerts | force mapping in tissue-engineering scaffolds,3,in_vitro,"The color/emission response is largely qualitative and often irreversible; there is no accepted calibration from optical signal to a clinical stress number, and biocompatibility plus in-body readout of the signal are unproven","Quantitative, reversible mechanophores with calibrated dose-response curves, biocompatible host polymers, and a practical way to read the optical signal through skin or tissue",none fully commercialized in biomedical use,"Craig Lab (Duke University) | Sottos / Moore / White groups (Beckman Institute, UIUC) | Weder Lab (Adolphe Merkle Institute, Fribourg) | Sijbesma Lab (Eindhoven University of Technology) | Boydston Lab (University of Wisconsin-Madison)",research_only,medium,medium,medium,"Thin-data primitive. Strong academic base but essentially no biomedical commercialization; closest industrial uses are damage-sensing coatings and structural composites, not medical devices.",2026-07-06
metamaterials-metasurfaces,Metamaterials and metasurfaces,D,D.2,CMOS-compatible lithography of subwavelength pillar arrays that replace bulky multi-element glass optics with a single flat layer,"Subwavelength nanostructures impose an engineered phase, amplitude, and polarisation profile on light in one flat, mass-producible element",Collapsing high-resolution imaging and polarisation optics to hair-width scale that fits inside needles and catheters,"Label-free biomarker and chiral sensing plus imaging optics small enough for biopsy needles, endoscopes, and retinal or brain implants","Hair-width imaging probes inside biopsy needles and catheters | Endoscopy and OCT with single flat imaging elements | Polarimetric / chiral biomarker sensing (e.g. Polar ID biometrics) | Label-free low-concentration biomarker detection, implant optics",3,real_world_proven,"Medical-grade metasurface yield, sterile single-use integration into needles, achromatic broadband performance, and clinical validation","Manufacturable medical-grade probes, regulatory validation of imaging devices, and broadband achromatic designs",Metalenz | Leadoptik,"Federico Capasso lab (Harvard SEAS) | Melissa Suter lab (Massachusetts General Hospital), nano-optic OCT endoscope",commercial_scaled,high,high,high,TRL split. Consumer/sensing metaoptics ship in over 140M devices (TRL 8-9); the medical imaging-probe wedge is early (TRL 3-5). Lower bound of the medical path recorded.,2026-07-06
microfluidic-lnp-manufacturing,Microfluidic LNP manufacturing,B,B.5,"Microfluidic mixer designs (staggered herringbone, NxGen) that impose reproducible, rapid mixing of an aqueous nucleic-acid stream with an ethanolic lipid stream, driving controlled nanoparticle self-assembly","A chip-based mixer brings nucleic acid and lipid solutions together under precisely controlled flow so lipids self-assemble around the payload into uniform nanoparticles, with critical quality attributes preserved from bench to GMP scale","Produces monodisperse, high-encapsulation LNPs reproducibly and scales the same physics from microliter discovery batches to hundreds of litres of cGMP material","Reliable, comparable LNP manufacturing across the whole development path, removing formulation as a bottleneck for RNA medicines",Research-scale LNP formulation screening | Clinical and commercial cGMP LNP production | Reproducible batch-to-batch nanoparticle manufacture | Scale-up of RNA vaccines and gene therapies,9,real_world_proven,"Small herringbone mixers are low-throughput (<100 mL/h) so scale-up requires parallelisation or larger systems that can shift particle attributes; process transfer, lipid supply, and cold-chain still constrain very large campaigns","Higher-throughput mixers that hold quality attributes constant across scales, better parallelisation, and standardised tech transfer from discovery to commercial",Precision NanoSystems (Cytiva) | Inside Therapeutics | PreciGenome | Knauer,Pieter Cullis Lab (UBC),commercial_scaled,medium,high,medium,"Precision NanoSystems (now Cytiva) NanoAssemblr with NxGen microfluidics spans 0.5L to 400L batches with automated priming, calibration, and electronic batch records; the physics behind approved COVID-19 vaccine LNPs. Defensibility medium: mixer IP plus workflow, but multiple credible vendors.",2026-07-06
microneedle-isf-sensing,Microneedle Interstitial Fluid Sensing,D,D.3,"Micron-scale needle arrays that painlessly reach the dermal interstitial fluid, paired with electrochemical aptamer or enzyme sensors miniaturised onto the needle tips","Sub-millimetre needles penetrate the outer skin to access interstitial fluid, where on-needle electrochemical sensors read analyte concentration without drawing blood","Minimally invasive, near-blood-equivalent molecular monitoring from a skin patch, extending continuous sensing beyond glucose to drugs, electrolytes and protein biomarkers","Point-of-care and at-home panels for heart failure, kidney function and drug dosing that today require a venous draw and a central lab","point-of-care NT-proBNP and electrolyte panel for heart failure | continuous therapeutic drug monitoring (vancomycin, antibiotics) | lactate and creatinine monitoring in acute care | metabolic and hormone tracking",4,human_pilot,"Interstitial fluid concentration must be shown to track blood with a stable, known offset for each analyte; microneedle arrays must stay mechanically intact and sterile over the wear period, and on-needle sensors must resist fouling and drift","Analyte-by-analyte ISF-to-blood correlation studies, robust manufacturing of sensor-coated needle arrays at scale, and demonstrated multi-day sensor lifetime under real skin conditions",Nutromics | Adaptyx Biosciences,Joseph Wang lab (UC San Diego) | Netzahualcoyotl Arroyo-Curras lab (Johns Hopkins),pilot_deployment,high,medium,high,The microneedle is the sampling route; the aptamer or enzyme on its tip is the recognition layer. Value splits between painless reliable access and stable readout.,2026-07-06
mof-hydrogels,MOF Hydrogels and Nanoscale Metal-Organic Frameworks,D,D.2 | D.4,"Self-assembly of metal-ion nodes and organic linkers into crystalline frameworks with the highest known surface areas and precisely tunable pores, embedded in soft hydrogels for body-facing use","Ordered, ultra-porous MOF cages selectively capture or load target molecules by size and chemistry; a hydrogel matrix makes them wearable, processable and skin-compatible","Molecular sieving and high-capacity drug loading with pore-level selectivity, delivered in a soft body-interfacing format rather than a rigid powder","Selective sweat and interstitial capture patches that preconcentrate scarce biomarkers, and single carriers that co-deliver multiple cancer drugs on a controlled release schedule",selective sweat or ISF capture and preconcentration patches | toxin and metabolite scavenging | multi-drug and immunotherapy cancer delivery | wound-healing composites and biosensor recognition layers,3,in_vivo_animal,"Batch-to-batch reproducibility of framework and pore quality is hard; hydrogels swell and change transport over time, MOF stability in biofluids is variable, and long-term skin contact and biocompatibility are unproven","Reproducible synthesis at controlled pore quality, framework and hydrogel stability under sweat and skin conditions, and biocompatibility and clearance data for the specific metal-linker chemistry used",Coordination Pharmaceuticals | Tarsis Technology,Wenbin Lin lab (University of Chicago) | Omar Yaghi lab (UC Berkeley),preclinical,high,medium,high,"The therapeutic nMOF branch is furthest along, with clinical-stage cancer candidates; the wearable capture branch is earlier and mostly academic. Do not average the two.",2026-07-06
molecular-recording,Molecular recording,E,E.3 | E.1,"prime editing and recombinase systems that append short, ordered DNA marks inside a living cell, plus single-cell sequencing to decode the accumulated log, which together let a genome act as a durable tape for biological events","engineered editors write symbol barcodes into a genomic tape in time order as cellular events occur, so lineage, signalling history, and transient exposures are recorded in DNA and later reconstructed by sequencing",a molecular flight recorder that logs the chronological history of a cell's biology into its own genome for retrospective readout,"reconstructing the order of cancer mutations, immune-cell fate, developmental lineage, or drug and stress exposures from DNA that no imaging modality can capture",chronological cancer and inflammation event tracing | in-vivo developmental lineage tracing | transient drug- and stress-exposure logging | neural-activity recording into cellular DNA,3,in_vivo_animal,"delivery into target cells, limited recording capacity and temporal resolution, cell safety of repeated genome edits, and the sequencing and decoding burden all keep this research-only with no clinical or regulatory path for a genome-modifying recorder","higher-capacity, safe, reversible recording chemistries with better temporal resolution, efficient in-vivo delivery, and low-cost decoding, before any diagnostic or research-tool product is viable",none commercial (academic frontier),"Shendure Lab (University of Washington, DNA Typewriter and ENGRAM) | Lu Lab (MIT, SCRIBE and recombinase-based recorders) | Shipman Lab (Gladstone Institutes, CRISPR-based recording) | Kalhor Lab (Johns Hopkins University, lineage barcoding)",research_only,high,medium,high,"Split out from the old bundled dna-data-storage primitive as its own research primitive: writing biological events, not digital data, into a genome. Frontier is essentially all academic (Shendure DNA Typewriter and ENGRAM, Lu SCRIBE, peCHYRON). Deliberately does NOT list Prime Medicine as a closest company: Prime Medicine does therapeutic gene correction (see prime-base-editing), a different primitive, even though it shares the prime-editing write chemistry. TRL 3 with in-vivo animal evidence for lineage recording; neural and transcriptome recording is earlier at TRL 2. Tags span E.3 (in-vivo cells) and E.1 (synthetic bio) for the engineered recording circuits.",2026-07-07
molecularly-imprinted-polymers,Molecularly Imprinted Polymers,D,D.2,"Template-directed polymerisation that casts a target-shaped cavity into a crosslinked polymer, then removes the template to leave a reusable synthetic binding site",A polymer is cured around a target molecule so its shape and chemistry are imprinted as a cavity; removing the target leaves a lock-and-key site that rebinds it selectively,"Antibody-like molecular recognition from cheap synthetic material that survives heat, pH extremes and long shelf storage, with no animals or cell culture required","Low-cost, stable home and field diagnostics for targets where antibodies are fragile, expensive, or impossible to raise","low-cost home tests for hormones, drugs and metabolites | point-of-care and field diagnostics in low-resource settings | electrochemical biosensor recognition layers | sample cleanup and toxin capture",5,in_vitro,Selectivity degrades in complex biofluids such as blood or saliva where structurally similar molecules compete; binding sites are heterogeneous and batch-to-batch reproducibility is hard to guarantee to a diagnostic standard,"Manufacturing control that yields uniform high-affinity sites reproducibly, plus validated performance against real patient samples rather than spiked buffers, to match the trust antibodies have earned",MIP Discovery | Tozaro,Sergey Piletsky lab (University of Leicester) | Ken Shimizu lab (University of South Carolina),commercial_early,medium,low,medium,nanoMIP reagents already sell as antibody replacements; the open question is whether MIPs can carry a regulated diagnostic on their own recognition rather than as a component.,2026-07-06
mrna-lnp-delivery,mRNA / LNP delivery,D,D.4 | E.3,"Ionizable-lipid chemistry that is neutral in blood and protonates in the endosome, combined with modified-nucleoside mRNA that evades innate immune sensing, proven at scale by COVID-19 vaccines","A lipid nanoparticle encapsulates mRNA, is taken up by cells, and the ionizable lipid triggers endosomal escape so the mRNA reaches the cytosol and is translated into the encoded protein","Delivers arbitrary genetic instructions into cells in vivo, turning the cell into the factory and enabling intracellular targets that small molecules and antibodies cannot reach","Personalised neoantigen cancer vaccines, in-vivo gene-editing and in-vivo CAR-T, and direct drugging of previously undruggable intracellular targets",Individualised neoantigen cancer vaccines (e.g. mRNA-4157 plus checkpoint) | In-vivo delivery of gene-editing payloads | In-vivo cell engineering (targeted LNP CAR-T) | Protein-replacement and prophylactic vaccines,8,real_world_proven,"Unmodified LNPs default to the liver, so extrahepatic targeting is unsolved; immunogenicity, dosing durability, and repeat-dose tolerability limit expansion beyond vaccines and hepatic indications","Reliable tissue-selective targeting (beyond liver), lower innate immunogenicity, more durable expression, and validated targeting ligands or SORT-style formulations",Capstan Therapeutics (AbbVie) | Moderna | BioNTech | Intellia Therapeutics,Robert Langer Lab (MIT) | Daniel Anderson Lab (MIT) | Kathryn Whitehead Lab (CMU),commercial_scaled,high,high,high,"COVID vaccines proved the platform at billions of doses. Frontier is extrahepatic and cell-selective delivery: Capstan's tLNP delivers anti-CD19 CAR mRNA to T cells in vivo (CPTX2309, Phase I), acquired by AbbVie for $2.1B in 2025. mRNA-4157 (Moderna/Merck) is in Phase 3 for melanoma.",2026-07-06
multimodal-clinical-data-platform,Multimodal clinical data platform,A,A.2,"EHR interoperability standards, de-identification pipelines, and the cost collapse in sequencing and imaging that makes linking genomics, imaging, and claims to clinical records feasible at scale","patient records, molecular profiles, imaging, and claims are harmonised, de-identified, and linked into a queryable longitudinal substrate that models and trials build on","one harmonised, queryable view of the patient across EHR, genomics, imaging, and claims instead of siloed single-modality datasets","a shared data substrate that AI models, external control arms, and biomarker discovery all draw on",external and synthetic control arms for trials | biomarker and target discovery on linked clinico-genomic data | patient stratification and companion-diagnostic development | post-market safety and label-expansion evidence,8,real_world_proven,"single-modality RWD is commercially proven, but genuinely linked multimodal records at scale are rarer, curation is expensive and manual, coverage skews US, and privacy plus federation limit how far data can be pooled","cheaper automated curation, cross-institution federation that satisfies privacy law, and clearer regulator standards for RWD-derived efficacy evidence",Tempus | Flatiron Health | Verily | Owkin,academic medical-informatics and federated-learning groups,commercial_scaled,high,high,high,"Flatiron (oncology RWD) and Tempus (clinico-genomic) are the scaled players; Owkin adds federated multimodal learning across hospitals. The scarce asset is linked, curated multimodal data, not single-modality volume.",2026-07-07
mxene-2d-materials,MXenes and 2D Materials,D,D.1 | D.2,"Selective etching of the A layer from MAX-phase ceramics to yield atom-thin, metallically conductive transition-metal carbide and nitride sheets with a hydrophilic, functional surface","Atomically thin MXene sheets combine metal-like conductivity, an enormous accessible surface area, tunable interlayer spacing and photothermal absorption, all in a flexible film","Ultra-sensitive, flexible electrochemical transduction and near-infrared photothermal conversion from a single processable 2D material, at conductivity antibody-grade carbon cannot reach",Skin-conformal sensors that detect biomarkers at nanomolar levels and light-activated tumour ablation from the same material family,ultra-sensitive wearable sweat and sensor electrodes | point-of-care electrochemical diagnostics | photothermal cancer therapy and antibacterial coatings | conductive inks for bioprinting and smart textiles,3,in_vitro,"Ti3C2Tx oxidises and degrades in air and especially in aqueous or UV-exposed conditions, undermining shelf life and in-use stability; long-term biocompatibility is unsettled and etching relies on hazardous hydrofluoric-acid chemistry that resists clean scale-up","Oxidation-resistant formulations or storage, HF-free scalable synthesis, and biocompatibility and stability data over device-relevant timeframes in real biofluids",XPANCEO,Yury Gogotsi lab (Drexel University) | Valentyn Volkov group (2D materials),preclinical,high,high,high,Spectacular bench sensitivity; the whole translational question is whether the material stays intact long enough to be a product rather than a demo.,2026-07-06
nanopore-sensing,Nanopore sensing,D,D.2,Engineered biological and solid-state nanometre pores plus AI basecallers trained on huge labelled current-signal libraries,A single molecule threads through a nanometre pore and the ionic-current disruption is decoded into sequence or identity,"Reads a single molecule electrically as it passes through a nanoscale pore, no labels or amplification","Full-length single-molecule protein sequencing and single-molecule proteomics, the missing counterpart to DNA sequencing","Native long-read DNA and RNA sequencing without PCR | Direct epigenetic modification calling, methylation without bisulfite | Full-length de novo protein sequencing and PTM detection | Exosome and peptide diagnostics, pathogen and infectious-disease IVD",3,regulatory_cleared,"Protein sequencing is unsolved, no translocation motor, a 20-plus-residue alphabet with PTMs, noisy raw signal, sample prep and throughput friction","Reliable translocation control for proteins, larger labelled signal libraries, wafer-scale CMOS pore arrays reaching yield and cost",Oxford Nanopore Technologies | Portal Biotech | UNOMR | Genopore | Qitan Technology | AxBio | Genvida,"Giovanni Maglia lab (University of Groningen) | Cees Dekker lab (TU Delft) | Hagan Bayley lab (University of Oxford) | imec (Leuven), wafer-scale solid-state nanopore fabrication",commercial_scaled,high,high,very-high,TRL split. DNA and RNA sequencing is on-market (TRL 9); protein nanopore sequencing is lab-stage (TRL 3-4). Lower bound recorded here.,2026-07-06
neuromorphic-memristive-materials,Neuromorphic / memristive materials,D,D.1 | D.2,"Materials whose electrical resistance depends on the history of voltage and current passed through them, letting a single device store and update an analog ""weight"" like a biological synapse","Memristive elements (metal-oxide filaments, phase-change, or ion-migration devices) change resistance based on past electrical stimulus, so crossbar arrays of them compute and store in the same place, mimicking synaptic plasticity at low power","In-memory, analog, event-driven computation that processes sensor signals with orders-of-magnitude less power than conventional von Neumann chips","Always-on, on-device interpretation of biosignals and tactile input inside implants, wearables, and prosthetics, without streaming raw data to the cloud",low-power on-device ECG/EEG anomaly detection | tactile electronic-skin arrays for prosthetics and robotics | closed-loop brain-machine interface signal processing | on-chip biomarker and bioimpedance pattern recognition,4,in_vitro,"Device-to-device variability, limited endurance/retention, and lack of mature design tools make analog memristive arrays hard to manufacture reproducibly; biomedical integration (biocompatible, implant-grade, closed-loop) is at proof-of-concept","Reproducible, endurance-stable memristor fabrication with robust programming schemes, plus validated biocompatible packaging and closed-loop clinical demonstrations",Innatera | SynSense | BrainChip | Rain AI | Polyn Technology,"Lu Group (University of Michigan) | Williams Lab (Texas A&M University) | Tae-Woo Lee Lab (Seoul National University) | Bao Group (Stanford University, e-skin synapses)",preclinical,medium,high,high,"Neuromorphic inference chips (Innatera, SynSense, BrainChip) are shipping for edge AI, but biomedical/implantable use of memristive materials specifically is still preclinical. Family/tag reflect the bio-sensing angle, not the broader compute market.",2026-07-06
nv-diamond-quantum-sensing,NV-diamond quantum sensing,D,D.2 | D.3,"Room-temperature spin readout of nitrogen-vacancy point defects in diamond, whose fluorescence shifts with local magnetic and electric fields","An NV center's electron-spin resonance changes with the local magnetic field, so measuring its optical fluorescence under microwave drive gives an ultra-sensitive, calibration-free magnetometer that works at room temperature","Picotesla-to-nanotesla magnetic sensing at micron-to-nanometer scale without cryogenics or magnetic shielding, on the same bench as living cells or tissue","Portable, shielding-free brain and cardiac magnetic imaging plus label-free single-cell readouts that today need a cryogenic SQUID or a fluorescent tag",portable ambient magnetoencephalography (MEG) for brain mapping | magnetic-nanoparticle immunoassays and point-of-care diagnostics | single-cell magnetic and metabolic readouts of cellular stress | nanoscale magnetic resonance and action-potential detection,4,in_vitro,"Biomedical sensitivity still needs the diamond, laser, and microwave optics packaged into a compact, low-cost, patient-safe head or bench unit; most brain and immunoassay results are single-channel lab prototypes, not multi-channel clinical systems","Photonic integration and diamond-fabrication cost reduction to shrink benchtop quantum-optics rigs into wearable or cartridge form factors, plus clinical validation against SQUID/OPM baselines",QT Sense | NVision Imaging Technologies | Qnami | QZabre | SBQuantum | Element Six,Walsworth Lab (University of Maryland / Harvard) | Lukin Lab (Harvard) | MIT Lincoln Laboratory diamond magnetometer group | Wrachtrup Lab (University of Stuttgart) | Pines Lab (UC Berkeley),pilot_deployment,high,high,high,"NVision listed for the hyperpolarized-MRI metabolic-imaging adjacency; its core tech is parahydrogen hyperpolarization, not NV centers, so it is a neighbor rather than a pure NV player.",2026-07-06
optogenetics-sonogenetics,Optogenetics / sonogenetics,E,E.3 | D.4,"Gene therapy that installs light-sensitive opsins (channelrhodopsins) or mechanosensitive/ultrasound-responsive proteins into specific cells, plus the light or focused-ultrasound hardware to actuate them","A viral vector delivers a gene encoding a light- or ultrasound-sensitive ion channel to target cells, which then open or close in response to an external light pulse or ultrasound wave, switching cell activity on demand","Confers on-off control of genetically chosen cells from outside the body, with ultrasound reaching deep tissue non-invasively where light cannot penetrate","Precision switches for cell and gene therapies and neuromodulation, and high-bandwidth, minimally invasive brain-computer interfaces",Vision restoration in retinitis pigmentosa and macular degeneration | Programmable neuromodulation for neurological and psychiatric disease | Controllable cell and gene therapies (inducible circuits) | Non-invasive high-bandwidth brain-computer interfaces,4,human_pilot,Optogenetics needs implanted light hardware and only reaches surface tissue like the retina; sonogenetics is largely preclinical with immature ultrasound-responsive proteins and unproven spatial precision and safety in humans,"Deeper, safer light delivery or maturation of ultrasound-responsive actuators, durable gene expression, demonstrated spatial specificity, and controlled clinical efficacy data",Merge Labs | Science Corporation | GenSight Biologics | Bionic Sight,Sreekanth Chalasani Lab (Salk) | Karl Deisseroth Lab (Stanford) | Botond Roska Lab (IOB Basel),preclinical,very-high,high,high,"Optogenetics is furthest along: GenSight GS030 (ChrimsonR) and Bionic Sight are in Phase 1/2 for vision, with a published human case of partial vision restoration. Sonogenetics is earlier, mostly animal-stage. Merge Labs raised $252M (OpenAI-backed) to pair gene therapy with ultrasound for a non-implant BCI; Science Corporation pursues optogenetic and photovoltaic vision restoration.",2026-07-06
organ-on-chip,Microfluidics / organ-on-chip / microphysiological systems (MPS),E,E.6,"Microfluidic control of parallel fluid streams plus microfabrication that lets living human cells be cultured under the mechanical forces, flow, and tissue-tissue interfaces of a real organ","Human cells are cultured in microfabricated channels where controlled flow, shear, and cyclic strain recreate an organ's microenvironment, and chips can be linked to model organ-to-organ drug movement","Human-relevant, dynamic tissue and multi-organ models that predict drug safety and disease behaviour without a live animal","A regulatory-accepted human substitute for animal toxicology, cutting drug attrition and enabling patient-specific disease modelling","Preclinical drug safety and toxicity prediction | Disease modelling (liver, gut, lung, blood-brain barrier, tumour) | Reducing and replacing animal testing under FDA Modernization Act 2.0 | ADME and multi-organ drug interaction studies | Patient-derived-cell models for precision medicine",7,regulatory_cleared,"Reproducibility and standardisation across labs, low throughput and hands-on operation, incomplete qualification of specific chips for specific regulatory contexts, and integration into pharma workflows already built around animal data","Context-of-use qualification of chips through FDA programs (ISTAND), standardised and scalable manufacturing, and validation datasets showing chips predict human outcomes better than animal models",Emulate | Hesperos (Human-on-a-Chip) | Mimetas (OrganoPlate) | CN Bio | TissUse,"Donald Ingber Lab (Wyss Institute, Harvard) | Kevin Kit Parker Lab (Harvard) | Michael Shuler / James Hickman (Human-on-a-Chip lineage)",commercial_early,high,high,high,"Strong regulatory tailwind. FDA Modernization Act 2.0 (2022) made animal testing optional; FDA issued guidance in April 2025 to phase out animal trials in favour of organoids and organ-on-chip, made the ISTAND pilot permanent in 2025 (Emulate was first OoC company accepted), and issued March 2026 draft guidance on new approach methodologies.",2026-07-06
phage-therapy,Bacteriophage / phage therapy,E,E.4,"Engineering bacteriophages to carry payloads (CRISPR-Cas3 that shreds bacterial DNA, or base editors) so the phage acts as a delivery vehicle that targets a bacterial genome from the inside","A phage injects an engineered genetic payload into its host bacterium; the payload either irreversibly degrades the target genome (Cas3) or precisely rewrites bases in situ, killing or reprogramming only the intended strain","Species- and strain-specific bacterial killing and in-vivo microbiome gene editing, rather than the broad kill of small-molecule antibiotics",Resistance-resilient eradication of multi-drug-resistant infections and precision editing of the gut or skin microbiome without wiping out commensals,Treatment of multi-drug-resistant UTIs and other MDR infections | Precision removal of pathogenic strains from the gut or skin microbiome | In-vivo base editing of microbiome genes (for example acne-associated skin bacteria) | Decolonisation of antibiotic-resistant carriers | Complement or replacement for last-line antibiotics,6,clinical_validated,"Manufacturing and scaling engineered phage and delivery vectors under GMP, host-range and immune neutralisation limiting durability, regulatory precedent for a self-replicating living drug, and bacterial resistance to phage entry","Confirmatory later-stage controlled trials, scalable GMP bioproduction of phage and delivery vectors, and a regulatory framework for engineered self-replicating and gene-editing biologics","Locus Biosciences (CRISPR-Cas3 engineered phage, LBP-EC01 for MDR UTI) | Eligo Bioscience (in-vivo microbiome base editing via phage-derived vectors) | Armata Pharmaceuticals | BiomX",Timothy Lu Lab (MIT) | Paul Turner Lab (Yale) | David Bikard Lab (Institut Pasteur),regulatory_review,very-high,high,high,"Locus reported positive Phase 2 data for its CRISPR-Cas3 engineered-phage cocktail LBP-EC01 in MDR UTI (all combination-arm participants resolved symptoms, most cured at the molecular level). Eligo published first-ever in-vivo microbiome base editing in the mouse gut in Nature and expanded its Series B to about $35M for immuno-dermatology.",2026-07-06
photonic-integrated-biosensing,Photonic integrated biosensing,D,D.2,CMOS-compatible silicon and silicon-nitride photonic foundry platforms plus stable surface bio-functionalisation chemistry,"A bio-recognition layer on a waveguide captures targets, and the resulting refractive-index shift changes the chip's optical resonance","Label-free, real-time, highly multiplexed biomarker detection on a low-cost lab-on-a-chip",Point-of-care multiplexed diagnostics reading many biomarkers at once from a single drop of sample,"Multiplexed protein and biomarker panels at point of care | Early cancer detection, infectious-disease diagnostics | Real-time binding-kinetics measurement, label-free serology | Water, food, and environmental pathogen monitoring",5,human_pilot,"Surface chemistry stability, fouling in real biofluids, low-cost photonic-fluidic-electronic packaging, and assay-level clinical validation","Robust functionalisation, manufacturable packaging and light coupling, and prospective clinical validation of assay menus",Delta Diagnostics | Surfix Diagnostics (SurfixDx) | HyPhoX,"Ghent University / imec Photonics Research Group (Baets, Bogaerts, Bienstman) | imec (Leuven) | LioniX International (TriPleX SiN PIC platform)",pilot_deployment,high,medium,medium,"Transducer physics is mature and public; moats sit in surface chemistry, packaging, assay menus, and clinical data, not the core sensing principle.",2026-07-06
prime-base-editing,Prime and base editing,E,E.3,"CRISPR-derived editors fused to reverse transcriptase or deaminase enzymes that make precise DNA changes without double-strand breaks, delivered in vivo by lipid nanoparticles and viral vectors","prime editing uses a guide RNA that both targets a site and templates a search-and-replace edit, while base editing chemically converts a single base, correcting disease-causing mutations without cutting both strands of DNA","precise, programmable correction of point mutations and small insertions or deletions in living cells with far less collateral genome damage than nuclease editing","durable one-time genetic cures for inherited diseases, delivered either to edited cells ex vivo or directly to tissues in the body","inherited monogenic disease correction (CGD, Wilson's disease) | ex-vivo corrected stem-cell and immune-cell therapies | in-vivo cardiovascular and metabolic gene editing | point-mutation repair without double-strand breaks",6,human_pilot,"in-vivo delivery efficiency and tissue targeting remain the central bottleneck, alongside off-target edits, durability of the correction, and scalable manufacturing of editors and delivery vehicles","more efficient and tissue-selective delivery beyond the liver, lower off-target rates, demonstrated durability of edits, and manufacturing that scales from bespoke ex-vivo therapies toward in-vivo dosing",Prime Medicine | Beam Therapeutics | Verve Therapeutics | Intellia Therapeutics,"Liu Lab (Broad Institute, prime and base editing invention) | Doudna Lab (UC Berkeley and IGI) | Musunuru Lab (University of Pennsylvania, in-vivo cardiac editing)",regulatory_review,very-high,high,high,"Split out from the old bundled dna-data-storage primitive to isolate the therapeutic gene-correction modality from digital storage and molecular recording. TRL 6 with human-pilot evidence: Prime Medicine's PM359 prime editor for p47phox chronic granulomatous disease reported first-in-human success in NEJM, with edited cells reaching 69 to 83 percent DHR-positive neutrophils, and a Wilson's disease program targeting first-in-human by 2026. Beam's base-editing BEAM-101 treated 40-plus sickle-cell patients in the BEACON trial. Ex-vivo cell therapies are more mature (TRL 7) than in-vivo dosing (TRL 6) because delivery is the gating problem. Tag E.3 for in-vivo cell editing.",2026-07-07
protein-design-diffusion-models,Protein design / diffusion models,C,C.1 | C.2,"Diffusion and flow-matching generative models plus inverse-folding networks trained on structural data, building on AlphaFold-grade structure prediction and RFdiffusion","A generative model samples a protein backbone conditioned on a target (an epitope, active site, or ligand), then an inverse-folding model designs the sequence that folds into it, directly modelling the interaction interface","Designs binders, enzymes, and receptors from scratch against a chosen target rather than screening or evolving from natural scaffolds","Bespoke biosensors, programmable smart therapeutics, synthetic antibodies against undruggable targets, and de novo gene-editor components",De novo antibodies and binders against hard targets | Custom enzymes and biocatalysts | Engineered receptors and biosensors | Novel components for gene editors and delivery,5,in_vitro,"Wet-lab validation is the bottleneck; hit rates and affinities are rising but designed proteins still fail on developability (stability, expression, immunogenicity, aggregation), and no de novo-designed protein drug is approved","Higher first-pass experimental success, developability baked into generation, cheaper high-throughput characterisation, and a clinical-stage asset that validates the path",Chai Discovery | Latent Labs | Nabla Bio | Profluent | Basecamp Research,Baker Lab (UW Institute for Protein Design) | Ovchinnikov Lab,preclinical,high,medium,high,"These are model-substrate companies. 2025 results (Latent-X, Nabla, Chai) report sub-micromolar binder success up to ~66% on some benchmarks and macrocycle hit rates >90% on select targets, but developability and in-vivo function remain unsolved.",2026-07-06
quantum-dot-sensing,Quantum dot sensing,D,D.2 | D.4,"Colloidal nanocrystals with size-tunable emission and near-unity quantum yield, plus microfluidic assay integration",Quantum dot nanocrystals absorb broadly and emit narrow size-tunable colours at near-unity efficiency for multiplexed optical readout,"Multiplexed, near-infrared deep-tissue sensing and continuous real-time biomarker monitoring under a single excitation","Ultra-early miRNA liquid biopsy and continuous hormone monitoring (insulin, glucagon, glucose) plus deep-tissue tumour imaging","Continuous multiplexed hormone monitoring (insulin, glucagon, glucose, lactate) | Ultra-early sub-femtomolar miRNA liquid biopsy | NIR deep-tissue tumour imaging and image-guided surgery | Targeted cancer therapy and cellular tracking",4,in_vivo_animal,"Perovskite QDs contain lead and degrade in biofluids, so in-vivo toxicity and stability are the gating risks, not physics","Lead-free chemistries, robust encapsulation, and a regulatory toxicology package for any in-vivo nanomaterial use","Quantum Orbit Labs (unverified, no public footprint)","Poudineh Lab (University of Waterloo), QIRT-ELISA continuous monitoring | NIR and perovskite QD bio-imaging groups (dispersed)",preclinical,high,medium,medium,"TRL split. QD immunoassays and continuous monitoring are TRL 4-6 (ex-vivo validated); in-vivo perovskite use is TRL 2-3, gated by lead toxicity and stability. Lower bound recorded.",2026-07-06
raman-metasurface-sensing,Raman metasurface sensing,D,D.2,"high-Q silicon metasurfaces that concentrate light into resonant near-field hotspots, moving Raman spectroscopy off benchtop optics onto mass-producible chips","engineered subwavelength structures create resonant field enhancement that amplifies weak inelastic (Raman) scattering, giving a label-free molecular vibrational fingerprint on a silicon chip",chip-scale label-free molecular fingerprinting and single-molecule vibrational readout without dyes or amplification,de novo protein sequencing and low-cost multiplexed molecular diagnostics on a manufacturable chip,de novo protein sequencing | label-free biomarker detection | metabolite and small-molecule fingerprinting | pathogen identification,3,in_vitro,"manufacturing uniform high-Q metasurfaces at wafer scale, achieving specificity in complex biofluids, and getting reproducible enhancement factors from chip to chip",demonstrate reproducible single-molecule Raman on a manufacturable silicon chip and validate readout on real clinical analytes,Pumpkinseed Bio,DARPA PROSE performers | silicon photonics and nanophotonics groups,research_only,high,high,high,"Distinct from terahertz-metasurfaces: same idea of engineered metasurface light control, but a different physical mechanism (Raman scattering on silicon nanophotonics, not terahertz absorption). Created to give Pumpkinseed Bio a correct join key instead of borrowing the terahertz primitive.",2026-07-06
self-healing-polymers,Self-healing polymers / elastomers,D,D.1 | D.4,"Dynamic, reversible cross-links (hydrogen bonds, metal-ligand coordination, dynamic covalent/vitrimer chemistry) that let a broken network ""re-zip"" and recover its mechanical and electrical properties","Reversible bonds in the polymer network break under damage and spontaneously reform when the fractured surfaces are brought back into contact, restoring toughness, stretch, and conductivity without external intervention","Materials that autonomously repair mechanical damage, extending the working life of soft, skin-mounted, and implanted devices exposed to constant strain","Durable long-dwell biosensors and implants that survive repeated deformation, plus reconfigurable scaffolds and stimuli-responsive drug-delivery matrices",self-repairing skin-mounted and wearable biosensors | long-lifetime implantable sensor encapsulation | self-healing inks and matrices for 3D bioprinting | stimuli-responsive matrices for controlled drug release,4,in_vitro,"Trade-off between fast autonomous healing and high mechanical strength, slow or condition-dependent healing kinetics, and unproven long-term biocompatibility and in-body healing all block medical translation","Elastomers that heal quickly under physiological conditions while staying tough, plus validated biocompatibility and demonstrated in-vivo self-repair in a real device","none fully commercialized in biomedical use | Arkema (industrial self-healing chemistry, non-medical)","Bao Group (Stanford University) | Sottos / Moore / White groups (Beckman Institute, UIUC) | Urban Lab (Clemson University) | Leibler group (ESPCI Paris, self-healing rubber / vitrimers) | Sijbesma Lab (Eindhoven University of Technology)",research_only,medium,medium,medium,"Thin-data primitive for biomedical use. Industrial self-healing coatings and elastomers exist commercially, but medical-device and implant applications remain lab-stage. Enabler for other primitives (flexible epidermal electronics, implantable biosensors) rather than a standalone product.",2026-07-06
spatial-omics,Spatial omics,A,A.1 | D.2,"In-situ barcoding chemistry (STARmap/RIBOmap, MERFISH, in-situ sequencing) plus imaging and probe hybridisation that read RNA and protein while preserving x-y-z tissue coordinates","Molecular probes tag transcripts and proteins in intact tissue, then imaging or sequencing reads each molecule's identity and physical location, reconstructing a spatial map of cell state and architecture","Reads the transcriptome or proteome of every cell without dissociating the tissue, keeping the wiring diagram of who sits next to whom, now extending into thick 3D volumes",Routine spatial diagnostics that map tumour response and immune microenvironment structure directly from a biopsy,Tumour-response and resistance maps | Immune microenvironment and tumour-architecture diagnostics | Target and biomarker discovery in intact tissue | Neuroscience atlases of cell-type organisation,8,real_world_proven,"Instruments and reagents are expensive, workflows are ex vivo and slow, and there is no reimbursed clinical assay, so the data stays in discovery rather than routine diagnostics; 3D thick-tissue multi-omics is still early access","Lower per-sample cost, faster turnaround, standardised panels, and a regulatory-cleared clinical assay with a reimbursement pathway",Stellaromics | 10x Genomics | Vizgen | NanoString (Bruker),Xiao Wang Lab (MIT/Broad) | Karl Deisseroth Lab (Stanford),commercial_scaled,medium,high,high,"2D platforms (10x Xenium/Visium, Vizgen MERSCOPE) are commercially scaled research tools; Stellaromics Pyxa pushes to true 3D multi-omics in thick tissue, initial commercial shipments late 2025, ~$105M raised.",2026-07-06
terahertz-metasurfaces,Terahertz metasurfaces,D,D.2,Subwavelength metasurface resonators that confine weak terahertz fields into deep-subwavelength hotspots with high Q-factors,A metasurface concentrates the terahertz field so low-energy molecular vibrations produce a label-free spectral fingerprint,Label-free molecular fingerprinting of conformational and vibrational modes that infrared and optical methods miss,"Non-contact skin-chemistry and hydration sensing, and reagent-free molecular identification of proteins and pathogens","Non-contact skin hydration and skin-chemistry sensing | Trace metabolite, ctDNA, and cancer-cell biomarker detection | Pathogen and protein sensing, thin-film assays | De novo protein sequencing (Raman-metasurface adjacency)",2,in_vitro,"Water absorbs terahertz strongly yet biology is aqueous, plus poor multiplex specificity and bulky, costly terahertz hardware","Solve the water paradox for in-vivo use, improve spectral specificity, and miniaturise low-cost terahertz sources and detectors","Terahertz Technologies (unverified as a biosensing company) | THzNanoVision (unverified, no public footprint) | no verified pure-play THz biosensing company; Pumpkinseed Bio is Raman, see raman-metasurface-sensing","Hatice Altug lab (EPFL), metasurface-enhanced IR molecular fingerprinting | Dispersed THz quasi-BIC and all-dielectric metasensor groups",research_only,high,high,high,"THz biosensing is early and water-limited (TRL 2-3). The commercially credible vibrational-metasurface activity has migrated to Raman/IR (Pumpkinseed's VISMO), which is a distinct primitive.",2026-07-06
topological-photonics,Topological photonics,D,D.2,Photonic-crystal and waveguide lattices engineered to host topologically protected edge modes immune to back-scattering and defects,"Topological edge states force light along robust unidirectional paths immune to defects, sharp bends, and back-scattering","Fabrication-resilient, defect-tolerant photonic biochips with ultra-high-Q resonances for trace and single-molecule detection","Manufacturable, deformable bio-interfaces and ultra-sensitive sensors, plus protected single-photon sources for quantum drug-discovery","Fabrication-resilient, defect-tolerant biosensor chips | Ultra-sensitive single-molecule and cancer-cell detection | Robust deformable bio-interfaces | Protected single-photon sources for photonic quantum computing",2,theoretical,"Almost entirely simulation and benchtop, no biofluid assays, hard integration with microfluidics and surface chemistry, no products","Move from refractive-index demos in air to real biofluids, integrate microfluidics and functionalisation, and prove manufacturable devices","Wave Photonics (PIC design tooling, not topological photonics) | Photonic Inc (spin-qubit quantum computing adjacency)","Mikael Rechtsman lab (Penn State), photonic topological insulators | Alexander Khanikaev (CCNY); Mordechai Segev (Technion); Marin Soljacic (MIT)",research_only,medium,high,high,"No pure-play topological-photonics biosensing company exists. Both named firms are ecosystem adjacencies, not topological-photonics players. Biosensing application is academic, TRL 2-3.",2026-07-06
triboelectric-nanogenerators,Triboelectric Nanogenerators,D,D.1,"Coupling of contact electrification and electrostatic induction in engineered material pairs, so ordinary body motion and fluid flow generate usable electrical charge","Two dissimilar materials repeatedly contact and separate, exchanging surface charge that electrostatic induction drives through a circuit as current, converting movement into electricity and into a signal","Battery-free power and active sensing from biomechanical motion, breath, pulse and sweat flow, removing the battery as the limiting component of a wearable","Self-powered, maintenance-free patches and implants that run indefinitely on the body's own motion","self-powered wearable motion, pulse and respiration sensors | battery-free sweat sensor patches | energy harvesting to power co-located biosensors | implantable self-powered monitors",3,in_vitro,"A TENG is a transducer, not a molecular recognition element, so biochemical selectivity must come from a separate sensing layer; output drifts with humidity and wear, durability over repeated cycles is limited, and there is no standardisation, leaving the field largely academic","Stable encapsulated output over long cycling, integration with a validated biochemical recognition layer, sweat and signal validity studies, and measurement standardisation before clinical use",none commercial-stage in bio-sensing,Zhong Lin Wang group (Georgia Tech and Beijing Institute of Nanoenergy),research_only,medium,low,medium,Genuinely useful as a power and motion-sensing layer; the biochemical-sensing claims are mostly academic because the TENG itself recognises nothing.,2026-07-06
wearable-biochemical-sensors,Wearable Biochemical Sensors,D,D.1 | D.3,"The convergence of flexible skin-conformal electronics, microfluidic sweat capture, and molecular recognition chemistries onto a single wearable, so biochemical analytes can be read continuously and non-invasively instead of by blood draw","A skin-worn patch samples sweat, saliva, or interstitial fluid through microfluidics and converts target analytes into an electrical or optical signal via electrochemical, aptamer, or enzymatic sensing","Continuous, non-invasive tracking of biochemistry (electrolytes, metabolites, hormones, drugs) from body fluids other than blood, worn like a fitness band","A biochemical layer on consumer and clinical wearables, extending continuous monitoring beyond heart rate and glucose to hydration, stress hormones, and drug levels",Hydration and heat-stress monitoring for athletes and industrial workers | Continuous cortisol and stress-hormone tracking | Wearable therapeutic drug monitoring for narrow-therapeutic-index drugs | Sweat lactate and glucose trends for metabolic and performance insight | Saliva-based non-invasive analyte panels,5,human_pilot,"Sweat and saliva concentrations vary with sweat rate, evaporation, and contamination and do not always track blood; each analyte needs its own calibration; sensors drift over a wear; and multiplexing several analytes on one durable device without crosstalk is unproven","Sweat-rate normalisation and microfluidic sampling that stabilise the sample, validated sweat- or saliva-to-blood correlation per analyte, drift-corrected multi-analyte sensor stacks, and regulatory-grade agreement studies for clinical claims",Epicore Biosystems | Nutromics | Xsensio,John Rogers Lab (Northwestern) | Joseph Wang Lab (UC San Diego) | Ali Javey Lab (UC Berkeley) | Wei Gao Lab (Caltech),commercial_early,medium,medium,medium,"This is the broad wearable-biochemical category. It overlaps and aggregates the narrower sensing primitives (electrochemical-aptamer-biosensing, microneedle-isf-sensing, flexible-epidermal-electronics): those are specific transduction or access mechanisms, while this primitive is the product category built on top of them. The most mature arm is sweat electrolyte and hydration monitoring (Epicore's hydration patch is commercial, TRL 6); hormone and drug sensing is earlier (TRL 4). Companies are mostly early-stage startups.",2026-07-07
wetware-biocomputing,Wetware biocomputing / neuromorphic bio-computing,E,E.6,"Culturing living neurons or brain organoids on high-density microelectrode arrays with life-support housing, plus closed-loop stimulation/readout that lets the network learn from electrical feedback","Living neurons grown on an electrode array receive structured electrical input and reward-like feedback; their self-organising synaptic plasticity adapts, so the biological network learns a task","Learning computation performed by living neural tissue, at a fraction of the energy of silicon, and a live human-neuron substrate for testing drugs and disease",Ultra-low-power adaptive learning hardware and human-neuron models that predict drug and disease effects on real neural circuits,"Ultra-low-power adaptive / learning compute | Drug-response and neurotoxicity testing on human neurons | Disease modelling (epilepsy, neurodegeneration) on live circuits | Neuroscience research platforms (wetware-as-a-service) | Brain-machine interface and neuromorphic research",4,in_vitro,"Neurons live only weeks to months, task complexity is trivial versus silicon, no programming abstraction or scalable architecture, poor reproducibility, and unresolved ethical questions around learning human neural tissue","Longer-lived and more stable cultures, a real programming/IO abstraction layer, demonstrated tasks with an advantage over silicon, and standardised reproducible manufacturing","Cortical Labs (CL1, Synthetic Biological Intelligence, Wetware-as-a-Service) | FinalSpark (Neuroplatform, brain organoids)","Cortical Labs research group (DishBrain / ""Pong"" learning) | Brett Kagan (Cortical Labs) | Thomas Hartung Lab (Johns Hopkins, ""organoid intelligence"")",commercial_early,medium,high,high,"Cortical Labs launched the CL1 in March 2025, described as the first commercially available biological computer (about $35,000, neurons kept alive up to ~6 months), and offers a Cortical Cloud Wetware-as-a-Service with a Python SDK. FinalSpark runs a remote Neuroplatform of brain organoids with lifetimes exceeding 100 days. Early-stage products sold mainly to researchers.",2026-07-06
